match_id,season_id,match_number,match_date,stage,venue_id,venue_name,team1_id,team1_name,team2_id,team2_name,toss_winner_id,toss_selection,team1_score,team2_score,winner_id,winning_team_name,score_margin,is_tie,team1_raid_points,team1_tackle_points,team1_all_out_points,team1_extra_points,team2_raid_points,team2_tackle_points,team2_all_out_points,team2_extra_points,team1_raids_total,team1_raids_successful,team1_raids_unsuccessful,team1_raids_empty,team1_super_raids,team2_raids_total,team2_raids_successful,team2_raids_unsuccessful,team2_raids_empty,team2_super_raids,team1_tackles_total,team1_tackles_successful,team1_super_tackles,team2_tackles_total,team2_tackles_successful,team2_super_tackles,team1_all_outs,team2_all_outs
1,1,Match 1,7/26/2014,League,5,"DOME@NSCI SVP Stadium, Mumbai",3,Jaipur Pink Panthers,5,U Mumba,5,Choice of court : Right,28,44,5.0,U Mumba,16,False,25,1,2,0,28,12,4,0,40,20,10,10,0,40,21,4,15,0,24,1,0,32,10,0,2,4
2,1,Match 2,7/26/2014,League,5,"DOME@NSCI SVP Stadium, Mumbai",1,Bengaluru Bulls,2,Dabang Delhi K.C.,2,Choice of court : Left,42,28,1.0,Bengaluru Bulls,14,False,23,13,6,0,15,13,0,0,40,18,11,10,0,41,14,17,10,0,21,13,0,33,11,0,6,0
3,1,Match 3,7/27/2014,League,5,"DOME@NSCI SVP Stadium, Mumbai",1,Bengaluru Bulls,7,Puneri Paltan,1,Choice of court : Right,39,34,1.0,Bengaluru Bulls,5,False,20,14,4,1,20,11,2,1,41,14,12,15,0,41,13,13,14,0,26,13,0,25,10,0,4,2
4,1,Match 4,7/27/2014,League,5,"DOME@NSCI SVP Stadium, Mumbai",4,Bengal Warriors,5,U Mumba,4,Choice of court : Left,24,35,5.0,U Mumba,11,False,17,7,0,0,24,9,2,0,39,15,10,14,0,39,19,8,12,0,25,7,0,24,9,0,0,2
5,1,Match 5,7/28/2014,League,5,"DOME@NSCI SVP Stadium, Mumbai",2,Dabang Delhi K.C.,7,Puneri Paltan,7,Choice of court : Right,35,31,2.0,Dabang Delhi K.C.,4,False,23,10,2,0,22,7,2,0,40,21,5,14,0,39,16,10,13,0,27,10,0,23,5,0,2,2
6,1,Match 6,7/28/2014,League,5,"DOME@NSCI SVP Stadium, Mumbai",5,U Mumba,8,Telugu Titans,8,Choice of court : Left,34,35,8.0,Telugu Titans,1,False,23,9,2,0,24,7,4,0,44,22,7,15,0,43,20,10,13,0,31,9,0,17,7,0,2,4
7,1,Match 7,7/29/2014,League,5,"DOME@NSCI SVP Stadium, Mumbai",5,U Mumba,6,Patna Pirates,5,Choice of court : Right,35,32,5.0,U Mumba,3,False,22,9,4,0,23,7,2,0,41,17,6,17,0,41,21,9,11,0,23,9,0,23,6,0,4,2
8,1,Match 8,7/30/2014,League,4,"Netaji Subhash Chandra Bose Indoor Stadium, Kolkata",1,Bengaluru Bulls,4,Bengal Warriors,4,Choice of court : Right,46,30,1.0,Bengaluru Bulls,16,False,25,15,6,0,19,11,0,0,43,20,7,16,0,43,16,15,12,0,26,15,0,31,7,0,6,0
9,1,Match 9,7/31/2014,League,4,"Netaji Subhash Chandra Bose Indoor Stadium, Kolkata",3,Jaipur Pink Panthers,8,Telugu Titans,8,Choice of court : Left,46,31,3.0,Jaipur Pink Panthers,15,False,29,12,4,1,24,4,2,1,44,23,3,18,0,44,21,12,11,0,32,12,0,25,3,0,4,2
10,1,Match 10,7/31/2014,League,4,"Netaji Subhash Chandra Bose Indoor Stadium, Kolkata",2,Dabang Delhi K.C.,4,Bengal Warriors,2,Choice of court : Left,39,40,4.0,Bengal Warriors,1,False,26,9,4,0,25,11,4,0,44,24,12,8,0,45,16,9,20,0,27,8,0,32,11,0,4,4
11,1,Match 11,8/1/2014,League,4,"Netaji Subhash Chandra Bose Indoor Stadium, Kolkata",6,Patna Pirates,8,Telugu Titans,8,Choice of court : Left,34,35,8.0,Telugu Titans,1,False,27,4,2,1,27,6,2,0,40,22,5,13,0,41,22,8,11,0,23,4,0,28,5,0,2,2
12,1,Match 12,8/1/2014,League,4,"Netaji Subhash Chandra Bose Indoor Stadium, Kolkata",4,Bengal Warriors,7,Puneri Paltan,7,Choice of court : Right,37,34,4.0,Bengal Warriors,3,False,26,9,2,0,22,8,4,0,40,17,8,15,0,39,15,9,14,0,29,8,0,30,8,0,2,4
13,1,Match 13,8/2/2014,League,4,"Netaji Subhash Chandra Bose Indoor Stadium, Kolkata",3,Jaipur Pink Panthers,6,Patna Pirates,3,Choice of court : Right,35,18,3.0,Jaipur Pink Panthers,17,False,24,7,4,0,14,4,0,0,39,21,3,15,0,39,14,12,13,0,16,7,0,20,3,0,4,0
14,1,Match 14,8/2/2014,League,4,"Netaji Subhash Chandra Bose Indoor Stadium, Kolkata",4,Bengal Warriors,5,U Mumba,5,Choice of court : Right,28,38,5.0,U Mumba,10,False,22,6,0,0,26,8,4,0,37,17,8,12,0,37,20,6,11,0,30,5,0,25,8,0,0,4
15,1,Match 15,8/3/2014,League,2,"Thyagaraj Sports Complex, Delhi",2,Dabang Delhi K.C.,8,Telugu Titans,8,Choice of court : Right,34,36,8.0,Telugu Titans,2,False,21,11,2,0,22,9,2,3,41,19,11,11,0,41,19,9,13,0,30,9,0,28,9,0,2,2
16,1,Match 16,8/3/2014,League,2,"Thyagaraj Sports Complex, Delhi",1,Bengaluru Bulls,7,Puneri Paltan,7,Choice of court : Left,30,31,7.0,Puneri Paltan,1,False,21,7,2,0,18,11,2,0,41,17,12,12,0,40,15,8,17,0,20,7,0,28,10,0,2,2
17,1,Match 17,8/4/2014,League,2,"Thyagaraj Sports Complex, Delhi",5,U Mumba,7,Puneri Paltan,7,Choice of court : Right,41,25,5.0,U Mumba,16,False,26,9,6,0,18,5,2,0,39,20,5,14,0,39,12,12,14,0,21,9,0,24,4,0,6,2
18,1,Match 18,8/4/2014,League,2,"Thyagaraj Sports Complex, Delhi",2,Dabang Delhi K.C.,6,Patna Pirates,6,Choice of court : Right,30,33,6.0,Patna Pirates,3,False,26,4,0,0,20,9,4,0,44,24,9,11,0,42,17,3,20,0,18,2,0,23,8,0,0,4
19,1,Match 19,8/5/2014,League,2,"Thyagaraj Sports Complex, Delhi",1,Bengaluru Bulls,5,U Mumba,5,Choice of court : Right,32,43,5.0,U Mumba,11,False,22,10,0,0,22,13,6,2,41,16,14,11,0,40,18,9,13,0,27,8,0,24,13,0,0,6
20,1,Match 20,8/5/2014,League,2,"Thyagaraj Sports Complex, Delhi",2,Dabang Delhi K.C.,3,Jaipur Pink Panthers,2,Choice of court : Left,29,36,3.0,Jaipur Pink Panthers,7,False,17,10,2,0,18,14,4,0,40,15,16,9,0,40,15,10,15,0,25,9,0,29,14,0,2,4
21,1,Match 21,8/6/2014,League,2,"Thyagaraj Sports Complex, Delhi",2,Dabang Delhi K.C.,4,Bengal Warriors,2,Choice of court : Left,45,35,2.0,Dabang Delhi K.C.,10,False,26,13,6,0,26,5,4,0,39,19,6,14,0,38,22,13,3,0,35,13,0,28,5,0,6,4
22,1,Match 22,8/7/2014,League,6,"Patliputra Sports Complex, Patna",6,Patna Pirates,7,Puneri Paltan,7,Choice of court : Right,34,26,6.0,Patna Pirates,8,False,25,4,0,5,22,4,0,0,37,19,4,13,0,38,19,4,15,0,22,4,0,25,3,0,0,0
23,1,Match 23,8/8/2014,League,6,"Patliputra Sports Complex, Patna",4,Bengal Warriors,8,Telugu Titans,4,Choice of court : Right,39,34,4.0,Bengal Warriors,5,False,29,8,2,0,26,6,2,0,42,22,6,14,0,40,21,8,11,0,29,7,0,25,5,0,2,2
24,1,Match 24,8/8/2014,League,6,"Patliputra Sports Complex, Patna",5,U Mumba,6,Patna Pirates,5,Choice of court : Left,37,37,,Tie,0,True,21,14,2,0,22,13,2,0,37,17,9,11,0,38,17,13,8,0,30,13,0,25,9,0,2,2
25,1,Match 25,8/9/2014,League,6,"Patliputra Sports Complex, Patna",3,Jaipur Pink Panthers,8,Telugu Titans,8,Choice of court : Left,48,29,3.0,Jaipur Pink Panthers,19,False,30,11,4,3,20,6,2,1,39,20,5,14,0,41,16,12,13,0,26,11,0,30,5,0,4,2
26,1,Match 26,8/9/2014,League,6,"Patliputra Sports Complex, Patna",2,Dabang Delhi K.C.,6,Patna Pirates,6,Choice of court : Right,28,30,6.0,Patna Pirates,2,False,23,3,2,0,21,7,2,0,39,20,7,12,0,41,19,5,17,0,19,3,0,26,7,0,2,2
27,1,Match 27,8/10/2014,League,6,"Patliputra Sports Complex, Patna",3,Jaipur Pink Panthers,4,Bengal Warriors,4,Choice of court : Left,36,23,3.0,Jaipur Pink Panthers,13,False,19,13,4,0,15,7,0,1,37,17,6,13,0,36,8,13,15,0,23,11,0,23,6,0,4,0
28,1,Match 28,8/10/2014,League,6,"Patliputra Sports Complex, Patna",1,Bengaluru Bulls,6,Patna Pirates,1,Choice of court : Left,33,33,,Tie,0,True,22,7,4,0,25,6,2,0,40,19,6,14,0,41,21,9,11,0,23,7,0,26,5,0,4,2
29,1,Match 29,8/12/2014,League,7,"Shree Shiv Chhatrapati Sports Complex, Pune",7,Puneri Paltan,8,Telugu Titans,8,Choice of court : Right,34,41,8.0,Telugu Titans,7,False,25,7,2,0,29,8,4,0,41,18,8,15,0,44,23,6,15,0,29,6,0,28,7,0,2,4
30,1,Match 30,8/13/2014,League,7,"Shree Shiv Chhatrapati Sports Complex, Pune",1,Bengaluru Bulls,5,U Mumba,1,Choice of court : Right,32,27,1.0,Bengaluru Bulls,5,False,20,8,2,2,18,9,0,0,41,17,11,13,0,40,15,9,16,0,21,8,0,28,9,0,2,0
31,1,Match 31,8/13/2014,League,7,"Shree Shiv Chhatrapati Sports Complex, Pune",4,Bengal Warriors,7,Puneri Paltan,7,Choice of court : Left,29,38,7.0,Puneri Paltan,9,False,19,7,2,1,19,14,4,1,39,17,12,10,0,37,15,8,14,0,25,7,0,24,10,0,2,4
32,1,Match 32,8/14/2014,League,7,"Shree Shiv Chhatrapati Sports Complex, Pune",1,Bengaluru Bulls,2,Dabang Delhi K.C.,2,Choice of court : Right,26,25,1.0,Bengaluru Bulls,1,False,15,9,2,0,12,11,2,0,40,11,13,16,0,39,11,9,18,0,19,8,0,22,10,0,2,2
33,1,Match 33,8/14/2014,League,7,"Shree Shiv Chhatrapati Sports Complex, Pune",3,Jaipur Pink Panthers,7,Puneri Paltan,7,Choice of court : Left,48,22,3.0,Jaipur Pink Panthers,26,False,26,16,6,0,16,6,0,0,39,23,6,10,0,41,13,15,13,0,26,14,0,30,6,0,6,0
34,1,Match 34,8/15/2014,League,7,"Shree Shiv Chhatrapati Sports Complex, Pune",2,Dabang Delhi K.C.,5,U Mumba,5,Choice of court : Right,34,22,2.0,Dabang Delhi K.C.,12,False,19,11,4,0,18,4,0,0,38,15,7,15,0,38,15,10,12,0,23,10,0,22,4,0,4,0
35,1,Match 35,8/15/2014,League,7,"Shree Shiv Chhatrapati Sports Complex, Pune",6,Patna Pirates,7,Puneri Paltan,7,Choice of court : Left,34,29,6.0,Patna Pirates,5,False,23,7,4,0,20,6,2,1,42,19,7,15,0,41,16,8,17,0,20,7,0,23,5,0,4,2
36,1,Match 36,8/16/2014,League,8,"Rajiv Gandhi Indoor Stadium, Vizag",1,Bengaluru Bulls,8,Telugu Titans,1,Choice of court : Left,28,28,,Tie,0,True,19,9,0,0,18,8,2,0,43,18,7,18,0,41,17,7,17,0,22,7,0,21,7,0,0,2
37,1,Match 37,8/16/2014,League,8,"Rajiv Gandhi Indoor Stadium, Vizag",3,Jaipur Pink Panthers,4,Bengal Warriors,4,Choice of court : Left,41,31,3.0,Jaipur Pink Panthers,10,False,25,12,2,2,20,8,2,1,42,20,10,12,0,36,16,10,10,0,28,10,0,26,8,0,2,2
38,1,Match 38,8/17/2014,League,8,"Rajiv Gandhi Indoor Stadium, Vizag",3,Jaipur Pink Panthers,6,Patna Pirates,3,Choice of court : Right,28,51,6.0,Patna Pirates,23,False,22,6,0,0,25,17,8,1,35,16,16,3,0,37,15,7,15,0,29,5,0,29,15,0,0,8
39,1,Match 39,8/17/2014,League,8,"Rajiv Gandhi Indoor Stadium, Vizag",5,U Mumba,8,Telugu Titans,5,Choice of court : Left,42,42,,Tie,0,True,33,6,2,1,33,3,6,0,44,28,5,11,0,41,25,5,11,0,33,4,0,23,3,0,2,6
40,1,Match 40,8/18/2014,League,8,"Rajiv Gandhi Indoor Stadium, Vizag",4,Bengal Warriors,6,Patna Pirates,6,Choice of court : Right,29,27,4.0,Bengal Warriors,2,False,18,9,2,0,19,8,0,0,39,15,8,16,0,41,16,10,15,0,24,9,0,23,7,0,2,0
41,1,Match 41,8/18/2014,League,8,"Rajiv Gandhi Indoor Stadium, Vizag",7,Puneri Paltan,8,Telugu Titans,8,Choice of court : Right,23,58,8.0,Telugu Titans,35,False,22,1,0,0,35,14,8,1,40,16,14,10,0,38,27,1,10,0,32,1,0,28,12,0,0,8
42,1,Match 42,8/19/2014,League,8,"Rajiv Gandhi Indoor Stadium, Vizag",2,Dabang Delhi K.C.,8,Telugu Titans,2,Choice of court : Left,26,42,8.0,Telugu Titans,16,False,20,6,0,0,26,10,6,0,40,19,13,8,0,39,23,6,10,0,30,6,0,23,10,0,0,6
43,1,Match 43,8/20/2014,League,3,"Sawai Mansingh Stadium, Jaipur",1,Bengaluru Bulls,3,Jaipur Pink Panthers,1,Choice of court : Right,29,35,3.0,Jaipur Pink Panthers,6,False,15,12,2,0,21,10,4,0,38,11,10,17,0,39,17,10,12,0,28,10,0,22,9,0,2,4
44,1,Match 44,8/21/2014,League,3,"Sawai Mansingh Stadium, Jaipur",4,Bengal Warriors,6,Patna Pirates,6,Choice of court : Right,28,36,6.0,Patna Pirates,8,False,20,8,0,0,20,11,4,1,40,18,10,12,0,40,17,8,14,0,26,6,0,22,10,0,0,4
45,1,Match 45,8/21/2014,League,3,"Sawai Mansingh Stadium, Jaipur",3,Jaipur Pink Panthers,5,U Mumba,3,Choice of court : Left,30,31,5.0,U Mumba,1,False,18,10,2,0,20,9,2,0,40,17,7,16,0,41,20,11,10,0,27,10,0,24,7,0,2,2
46,1,Match 46,8/22/2014,League,3,"Sawai Mansingh Stadium, Jaipur",4,Bengal Warriors,8,Telugu Titans,8,Choice of court : Left,34,33,4.0,Bengal Warriors,1,False,16,14,4,0,20,8,4,1,42,13,8,21,0,43,19,12,12,0,31,12,0,22,8,0,4,4
47,1,Match 47,8/22/2014,League,3,"Sawai Mansingh Stadium, Jaipur",2,Dabang Delhi K.C.,3,Jaipur Pink Panthers,2,Choice of court : Right,30,39,3.0,Jaipur Pink Panthers,9,False,19,9,2,0,22,10,6,1,38,14,12,12,0,39,17,10,12,0,29,9,0,25,10,0,2,6
48,1,Match 48,8/23/2014,League,3,"Sawai Mansingh Stadium, Jaipur",6,Patna Pirates,8,Telugu Titans,8,Choice of court : Right,26,28,8.0,Telugu Titans,2,False,16,8,2,0,19,5,4,0,40,13,8,19,0,42,18,8,15,0,26,7,0,16,5,0,2,4
49,1,Match 49,8/23/2014,League,3,"Sawai Mansingh Stadium, Jaipur",3,Jaipur Pink Panthers,7,Puneri Paltan,7,Choice of court : Right,30,21,3.0,Jaipur Pink Panthers,9,False,15,11,4,0,8,11,2,0,39,14,11,13,0,39,8,13,17,0,18,11,0,24,10,0,4,2
50,1,Match 50,8/24/2014,League,1,"Sree Kanteerava Stadium, Bengaluru",1,Bengaluru Bulls,4,Bengal Warriors,1,Choice of court : Left,33,23,1.0,Bengaluru Bulls,10,False,14,14,4,1,11,12,0,0,37,10,9,18,0,37,8,16,13,0,22,14,0,22,8,0,4,0
51,1,Match 51,8/24/2014,League,1,"Sree Kanteerava Stadium, Bengaluru",2,Dabang Delhi K.C.,5,U Mumba,5,Choice of court : Left,29,37,5.0,U Mumba,8,False,14,11,4,0,19,14,4,0,40,11,12,17,0,39,15,12,12,0,25,11,0,25,12,0,4,4
52,1,Match 52,8/25/2014,League,1,"Sree Kanteerava Stadium, Bengaluru",2,Dabang Delhi K.C.,7,Puneri Paltan,2,Choice of court : Left,44,22,2.0,Dabang Delhi K.C.,22,False,24,13,6,1,18,3,0,1,40,21,3,15,0,41,16,13,12,0,27,13,0,23,3,0,6,0
53,1,Match 53,8/25/2014,League,1,"Sree Kanteerava Stadium, Bengaluru",1,Bengaluru Bulls,6,Patna Pirates,6,Choice of court : Right,28,33,6.0,Patna Pirates,5,False,20,6,2,0,18,12,2,1,44,17,9,18,0,44,13,9,22,0,20,6,0,26,9,0,2,2
54,1,Match 54,8/26/2014,League,1,"Sree Kanteerava Stadium, Bengaluru",1,Bengaluru Bulls,8,Telugu Titans,1,Choice of court : Right,26,25,1.0,Bengaluru Bulls,1,False,12,12,2,0,13,10,2,0,41,8,11,22,0,41,10,12,19,0,24,12,0,19,10,0,2,2
55,1,Match 55,8/27/2014,League,1,"Sree Kanteerava Stadium, Bengaluru",5,U Mumba,7,Puneri Paltan,7,Choice of court : Left,36,35,5.0,U Mumba,1,False,21,13,2,0,19,13,2,1,40,14,12,14,0,42,14,13,15,0,25,13,0,28,12,0,2,2
56,1,Match 56,8/27/2014,League,1,"Sree Kanteerava Stadium, Bengaluru",1,Bengaluru Bulls,3,Jaipur Pink Panthers,1,Choice of court : Right,30,29,1.0,Bengaluru Bulls,1,False,22,6,2,0,17,10,2,0,42,18,9,14,0,44,15,6,23,0,21,6,0,27,9,0,2,2
57,1,Semi-Final 1,8/29/2014,League,5,"DOME@NSCI SVP Stadium, Mumbai",3,Jaipur Pink Panthers,6,Patna Pirates,3,Choice of court : Right,36,17,3.0,Jaipur Pink Panthers,19,False,16,14,6,0,10,7,0,0,39,13,6,20,0,40,7,15,18,0,22,13,0,20,5,0,6,0
58,1,Semi-Final 2,8/29/2014,League,5,"DOME@NSCI SVP Stadium, Mumbai",1,Bengaluru Bulls,5,U Mumba,5,Choice of court : Right,22,26,5.0,U Mumba,4,False,11,9,2,0,9,15,2,0,39,7,13,19,0,39,8,9,22,0,15,9,0,21,12,0,2,2
59,1,3rd Place Playoff,8/31/2014,League,5,"DOME@NSCI SVP Stadium, Mumbai",1,Bengaluru Bulls,6,Patna Pirates,6,Choice of court : Left,22,29,6.0,Patna Pirates,7,False,10,12,0,0,8,18,2,1,44,9,18,17,0,44,7,10,27,0,18,10,0,26,18,0,0,2
60,1,Final,8/31/2014,League,5,"DOME@NSCI SVP Stadium, Mumbai",3,Jaipur Pink Panthers,5,U Mumba,5,Choice of court : Right,34,22,3.0,Jaipur Pink Panthers,12,False,17,13,4,0,17,4,0,1,39,13,6,20,0,40,13,12,15,0,26,11,0,21,4,0,4,0
62,2,Match 1,7/18/2015,League,5,"National Sports Club of India, Mumbai",5,U Mumba,3,Jaipur Pink Panthers,3,Choice of court :Left,29,28,5.0,U Mumba,1,False,10,16,0,3,7,15,2,4,41,7,12,22,0,40,7,13,20,0,18,11,0,19,11,0,0,1
63,2,Match 2,7/18/2015,League,5,"National Sports Club of India, Mumbai",1,Bengaluru Bulls,4,Bengal Warriors,1,Choice of court :Right,33,25,1.0,Bengaluru Bulls,8,False,16,10,4,3,9,11,2,3,42,11,10,21,0,44,8,12,24,0,17,10,0,23,8,0,2,1
64,2,Match 3,7/19/2015,League,5,"National Sports Club of India, Mumbai",8,Telugu Titans,2,Dabang Delhi,8,Choice of court :Right,36,27,8.0,Telugu Titans,9,False,21,10,4,1,16,9,0,2,39,19,7,13,0,39,13,10,16,0,21,10,0,26,6,0,1,0
65,2,Match 4,7/19/2015,League,5,"National Sports Club of India, Mumbai",5,U Mumba,1,Bengaluru Bulls,1,Choice of court :Left,36,23,5.0,U Mumba,13,False,21,11,4,0,14,7,2,0,42,14,7,21,0,42,11,10,21,0,23,10,0,25,7,0,1,0
66,2,Match 5,7/20/2015,League,5,"National Sports Club of India, Mumbai",7,Puneri Paltan,8,Telugu Titans,7,Choice of court :Right,24,45,8.0,Telugu Titans,21,False,14,7,0,3,24,14,6,1,43,12,12,19,0,41,18,7,16,0,29,7,0,23,11,0,0,2
67,2,Match 6,7/20/2015,League,5,"National Sports Club of India, Mumbai",5,U Mumba,6,Patna Pirates,6,Choice of court :Left,25,20,5.0,U Mumba,5,False,16,7,2,0,14,5,0,1,39,11,6,22,0,39,10,7,22,0,20,7,0,21,5,0,0,0
68,2,Match 7,7/21/2015,League,5,"National Sports Club of India, Mumbai",5,U Mumba,7,Puneri Paltan,7,Choice of court :Left,28,21,5.0,U Mumba,7,False,17,9,2,0,15,3,2,1,38,16,3,19,0,38,11,7,20,0,21,7,0,14,3,0,0,0
69,2,Match 8,7/22/2015,League,4,"Netaji Subhash Chandra Bose Indoor Stadium, Kolkata",4,Bengal Warriors,3,Jaipur Pink Panthers,3,Choice of court :Left,28,26,4.0,Bengal Warriors,2,False,12,13,2,1,15,6,2,3,38,11,8,19,0,39,10,11,18,0,24,10,0,17,6,0,0,0
70,2,Match 9,7/22/2015,League,4,"Netaji Subhash Chandra Bose Indoor Stadium, Kolkata",1,Bengaluru Bulls,6,Patna Pirates,6,Choice of court :Left,31,26,1.0,Bengaluru Bulls,5,False,13,12,4,2,16,8,2,0,42,12,8,22,0,41,13,12,16,0,23,12,0,20,8,0,1,0
71,2,Match 10,7/23/2015,League,4,"Netaji Subhash Chandra Bose Indoor Stadium, Kolkata",4,Bengal Warriors,8,Telugu Titans,8,Choice of court :Left,30,32,8.0,Telugu Titans,2,False,20,7,2,1,21,8,2,1,41,12,8,21,0,40,17,8,15,0,25,7,0,21,7,0,0,0
72,2,Match 11,7/24/2015,League,4,"Netaji Subhash Chandra Bose Indoor Stadium, Kolkata",2,Dabang Delhi,7,Puneri Paltan,7,Choice of court :Left,38,37,2.0,Dabang Delhi,1,False,24,7,4,3,25,4,4,4,40,16,6,18,0,41,19,9,13,0,28,6,0,22,4,0,1,1
73,2,Match 12,7/24/2015,League,4,"Netaji Subhash Chandra Bose Indoor Stadium, Kolkata",4,Bengal Warriors,5,U Mumba,4,Choice of court :Right,25,29,5.0,U Mumba,4,False,8,15,2,0,13,12,2,2,40,6,13,21,0,40,9,12,19,0,22,12,0,20,12,0,0,1
74,2,Match 13,7/25/2015,League,4,"Netaji Subhash Chandra Bose Indoor Stadium, Kolkata",1,Bengaluru Bulls,7,Puneri Paltan,1,Choice of court :Right,31,26,1.0,Bengaluru Bulls,5,False,18,7,2,4,15,7,2,2,42,14,7,21,0,43,13,9,21,0,18,7,0,17,6,0,0,1
75,2,Match 14,7/25/2015,League,4,"Netaji Subhash Chandra Bose Indoor Stadium, Kolkata",4,Bengal Warriors,2,Dabang Delhi,4,Choice of court :Right,21,32,2.0,Dabang Delhi,11,False,8,11,0,2,12,13,4,3,40,5,15,20,0,41,8,12,21,0,20,10,0,17,13,0,0,0
76,2,Match 15,7/26/2015,League,3,"Sawai Mansingh Stadium, Jaipur",3,Jaipur Pink Panthers,6,Patna Pirates,3,Choice of court :Left,23,29,6.0,Patna Pirates,6,False,15,7,0,1,14,11,2,2,40,11,12,17,0,40,11,7,22,0,20,6,0,23,11,0,0,0
77,2,Match 16,7/26/2015,League,3,"Sawai Mansingh Stadium, Jaipur",8,Telugu Titans,5,U Mumba,8,Choice of court :Left,26,27,5.0,U Mumba,1,False,13,11,2,0,14,11,2,0,41,9,11,21,0,41,10,10,21,0,23,10,0,21,11,0,0,0
78,2,Match 17,7/27/2015,League,3,"Sawai Mansingh Stadium, Jaipur",2,Dabang Delhi,1,Bengaluru Bulls,1,Choice of court :Right,18,33,1.0,Bengaluru Bulls,15,False,10,7,0,1,14,14,4,1,41,7,13,21,0,40,11,8,21,0,20,7,0,21,12,0,0,2
79,2,Match 18,7/27/2015,League,3,"Sawai Mansingh Stadium, Jaipur",3,Jaipur Pink Panthers,8,Telugu Titans,8,Choice of court :Right,22,33,8.0,Telugu Titans,11,False,16,4,0,2,18,11,4,0,42,13,11,18,0,42,13,6,23,0,22,4,0,22,11,0,0,1
80,2,Match 19,7/28/2015,League,3,"Sawai Mansingh Stadium, Jaipur",3,Jaipur Pink Panthers,1,Bengaluru Bulls,1,Choice of court :Right,36,23,3.0,Jaipur Pink Panthers,13,False,16,15,4,1,9,8,2,4,42,10,10,22,0,42,10,15,17,0,21,14,0,21,8,0,1,0
81,2,Match 20,7/29/2015,League,3,"Sawai Mansingh Stadium, Jaipur",7,Puneri Paltan,4,Bengal Warriors,7,Choice of court :Left,33,29,7.0,Puneri Paltan,4,False,14,11,4,4,16,7,2,4,42,11,11,20,0,42,12,13,17,0,23,10,0,19,7,0,2,1
82,2,Match 21,7/29/2015,League,3,"Sawai Mansingh Stadium, Jaipur",3,Jaipur Pink Panthers,2,Dabang Delhi,2,Choice of court :Right,27,35,2.0,Dabang Delhi,8,False,14,9,0,4,13,17,4,1,42,10,17,15,0,42,12,7,23,0,20,7,0,25,17,0,0,0
83,2,Match 22,7/30/2015,League,6,"Patliputra Sports Complex, Patna",6,Patna Pirates,8,Telugu Titans,8,Choice of court :Left,22,34,8.0,Telugu Titans,12,False,10,12,0,0,19,11,4,0,42,9,11,22,0,42,14,9,19,0,26,9,0,18,11,0,0,1
84,2,Match 23,7/31/2015,League,6,"Patliputra Sports Complex, Patna",8,Telugu Titans,1,Bengaluru Bulls,8,Choice of court :Right,21,35,1.0,Bengaluru Bulls,14,False,13,6,0,2,13,14,4,4,42,12,15,15,0,41,11,6,24,0,17,6,0,23,12,0,0,1
85,2,Match 24,7/31/2015,League,6,"Patliputra Sports Complex, Patna",6,Patna Pirates,2,Dabang Delhi,2,Choice of court :Left,39,22,6.0,Patna Pirates,17,False,17,15,4,3,15,5,0,2,44,17,5,22,0,43,12,16,15,0,25,15,0,19,5,0,0,0
86,2,Match 25,8/1/2015,League,6,"Patliputra Sports Complex, Patna",2,Dabang Delhi,5,U Mumba,2,Choice of court :Right,22,27,5.0,U Mumba,5,False,9,13,0,0,12,11,2,2,40,8,11,21,0,42,10,10,22,0,21,10,0,19,11,0,0,1
87,2,Match 26,8/1/2015,League,6,"Patliputra Sports Complex, Patna",6,Patna Pirates,7,Puneri Paltan,7,Choice of court :Left,32,28,6.0,Patna Pirates,4,False,18,11,2,1,17,8,2,1,43,16,8,19,0,43,12,12,19,0,25,11,0,19,7,0,0,1
88,2,Match 27,8/2/2015,League,6,"Patliputra Sports Complex, Patna",7,Puneri Paltan,3,Jaipur Pink Panthers,7,Choice of court :Right,29,35,3.0,Jaipur Pink Panthers,6,False,20,7,0,2,20,11,2,2,41,15,11,15,0,41,17,7,17,0,22,6,0,25,9,0,0,0
89,2,Match 28,8/2/2015,League,6,"Patliputra Sports Complex, Patna",6,Patna Pirates,4,Bengal Warriors,6,Choice of court :Right,20,20,,Tie,0,True,9,10,0,1,10,7,0,3,43,9,8,26,0,43,10,11,22,0,18,10,0,14,7,0,0,0
90,2,Match 29,8/4/2015,League,9,"Gachibowli Indoor Stadium, Hyderabad",8,Telugu Titans,3,Jaipur Pink Panthers,3,Choice of court :Left,39,39,,Tie,0,True,26,11,2,0,26,6,4,3,45,18,8,19,0,46,24,10,12,0,31,10,0,28,6,0,1,1
91,2,Match 30,8/4/2015,League,9,"Gachibowli Indoor Stadium, Hyderabad",5,U Mumba,2,Dabang Delhi,2,Choice of court :Left,29,25,5.0,U Mumba,4,False,14,12,2,1,11,11,2,1,43,12,11,20,0,43,12,13,18,0,21,12,0,21,11,0,1,0
92,2,Match 31,8/5/2015,League,9,"Gachibowli Indoor Stadium, Hyderabad",8,Telugu Titans,4,Bengal Warriors,4,Choice of court :Left,44,28,8.0,Telugu Titans,16,False,22,16,4,2,21,4,0,3,47,19,4,24,0,47,16,17,14,0,35,16,0,20,3,0,0,0
93,2,Match 32,8/6/2015,League,9,"Gachibowli Indoor Stadium, Hyderabad",4,Bengal Warriors,1,Bengaluru Bulls,1,Choice of court :Left,22,33,1.0,Bengaluru Bulls,11,False,10,10,0,2,18,10,4,1,46,9,11,26,0,46,14,9,23,0,25,8,0,16,10,0,0,1
94,2,Match 33,8/6/2015,League,9,"Gachibowli Indoor Stadium, Hyderabad",8,Telugu Titans,6,Patna Pirates,8,Choice of court :Right,54,32,8.0,Telugu Titans,22,False,29,15,8,2,21,6,2,3,46,21,6,19,0,46,17,16,13,0,29,14,0,32,5,0,0,0
95,2,Match 34,8/7/2015,League,9,"Gachibowli Indoor Stadium, Hyderabad",3,Jaipur Pink Panthers,5,U Mumba,5,Choice of court :Left,35,25,3.0,Jaipur Pink Panthers,10,False,12,16,2,5,10,14,0,1,44,9,13,22,0,45,8,15,22,0,21,13,0,23,13,0,0,0
96,2,Match 35,8/7/2015,League,9,"Gachibowli Indoor Stadium, Hyderabad",8,Telugu Titans,7,Puneri Paltan,7,Choice of court :Left,29,29,,Tie,0,True,18,9,2,0,16,10,2,1,45,15,10,20,0,44,13,9,22,0,23,9,0,26,10,0,1,1
97,2,Match 36,8/8/2015,League,2,"Thyagaraj Sports Complex, Delhi",2,Dabang Delhi,4,Bengal Warriors,4,Choice of court :Left,17,20,4.0,Bengal Warriors,3,False,7,9,0,1,8,12,0,0,42,6,10,26,0,41,7,8,26,0,15,8,0,17,10,0,0,0
98,2,Match 37,8/8/2015,League,2,"Thyagaraj Sports Complex, Delhi",6,Patna Pirates,1,Bengaluru Bulls,6,Choice of court :Right,30,28,6.0,Patna Pirates,2,False,11,16,2,1,16,5,2,5,42,9,9,24,0,43,15,14,14,0,27,13,0,12,5,0,1,1
99,2,Match 38,8/9/2015,League,2,"Thyagaraj Sports Complex, Delhi",5,U Mumba,4,Bengal Warriors,5,Choice of court :Right,31,17,5.0,U Mumba,14,False,16,8,4,3,9,5,2,1,41,15,5,21,0,41,7,11,23,0,16,8,0,20,5,0,1,1
100,2,Match 39,8/9/2015,League,2,"Thyagaraj Sports Complex, Delhi",2,Dabang Delhi,6,Patna Pirates,6,Choice of court :Left,45,26,2.0,Dabang Delhi,19,False,23,15,6,1,16,7,0,3,45,13,7,25,0,44,15,14,15,0,25,13,0,28,6,0,1,0
101,2,Match 40,8/10/2015,League,2,"Thyagaraj Sports Complex, Delhi",2,Dabang Delhi,3,Jaipur Pink Panthers,3,Choice of court :Left,21,51,3.0,Jaipur Pink Panthers,30,False,12,8,0,1,28,12,10,1,39,10,13,16,0,40,18,6,16,0,33,6,0,21,12,0,0,5
102,2,Match 41,8/11/2015,League,2,"Thyagaraj Sports Complex, Delhi",3,Jaipur Pink Panthers,7,Puneri Paltan,7,Choice of court :Left,31,18,3.0,Jaipur Pink Panthers,13,False,15,12,4,0,11,6,0,1,44,14,6,24,0,44,10,12,22,0,21,12,0,21,6,0,2,0
103,2,Match 42,8/11/2015,League,2,"Thyagaraj Sports Complex, Delhi",2,Dabang Delhi,8,Telugu Titans,8,Choice of court :Right,45,45,,Tie,0,True,34,7,4,0,35,9,0,1,44,20,8,16,0,44,22,7,15,0,35,7,0,35,7,0,1,0
104,2,Match 43,8/12/2015,League,1,"Sree Kanteerava Stadium, Bengaluru",1,Bengaluru Bulls,5,U Mumba,1,Choice of court :Right,29,36,5.0,U Mumba,7,False,16,10,0,3,12,19,4,1,49,12,18,19,0,48,11,10,27,0,20,9,0,30,18,0,0,1
105,2,Match 44,8/13/2015,League,1,"Sree Kanteerava Stadium, Bengaluru",4,Bengal Warriors,7,Puneri Paltan,7,Choice of court :Left,31,28,4.0,Bengal Warriors,3,False,14,10,2,5,11,12,0,5,46,11,10,25,0,46,10,13,23,0,19,9,0,20,9,0,1,0
106,2,Match 45,8/13/2015,League,1,"Sree Kanteerava Stadium, Bengaluru",1,Bengaluru Bulls,3,Jaipur Pink Panthers,3,Choice of court :Left,25,27,3.0,Jaipur Pink Panthers,2,False,12,7,2,4,11,13,2,1,52,11,12,29,0,53,11,9,33,0,16,7,0,23,12,0,1,1
107,2,Match 46,8/14/2015,League,1,"Sree Kanteerava Stadium, Bengaluru",4,Bengal Warriors,6,Patna Pirates,4,Choice of court :Right,32,34,6.0,Patna Pirates,2,False,20,9,2,1,21,10,2,1,47,11,9,27,0,47,14,8,25,0,25,7,0,25,9,0,0,0
108,2,Match 47,8/14/2015,League,1,"Sree Kanteerava Stadium, Bengaluru",1,Bengaluru Bulls,2,Dabang Delhi,2,Choice of court :Left,40,21,1.0,Bengaluru Bulls,19,False,20,14,6,0,15,6,0,0,47,16,6,25,0,46,13,14,19,0,22,14,0,24,6,0,0,0
109,2,Match 48,8/15/2015,League,1,"Sree Kanteerava Stadium, Bengaluru",6,Patna Pirates,5,U Mumba,6,Choice of court :Right,27,32,5.0,U Mumba,5,False,13,11,2,1,15,12,4,1,48,13,11,24,0,49,12,11,26,0,26,11,0,22,11,0,0,1
110,2,Match 49,8/15/2015,League,1,"Sree Kanteerava Stadium, Bengaluru",1,Bengaluru Bulls,8,Telugu Titans,1,Choice of court :Left,43,29,1.0,Bengaluru Bulls,14,False,18,15,6,4,18,9,2,0,52,14,9,29,0,52,17,18,17,0,30,15,0,26,8,0,2,1
111,2,Match 50,8/16/2015,League,7,"Shree Shiv Chhatrapati Sports Complex, Pune",7,Puneri Paltan,2,Dabang Delhi,2,Choice of court :Left,33,28,7.0,Puneri Paltan,5,False,18,11,4,0,16,9,2,1,40,15,8,17,0,40,11,11,18,0,23,11,0,24,7,0,1,1
112,2,Match 51,8/16/2015,League,7,"Shree Shiv Chhatrapati Sports Complex, Pune",3,Jaipur Pink Panthers,4,Bengal Warriors,4,Choice of court :Left,38,39,4.0,Bengal Warriors,1,False,25,4,2,7,19,16,4,0,43,22,13,8,0,39,11,5,23,0,22,3,0,33,13,0,1,2
113,2,Match 52,8/17/2015,League,7,"Shree Shiv Chhatrapati Sports Complex, Pune",7,Puneri Paltan,5,U Mumba,7,Choice of court :Right,34,39,5.0,U Mumba,5,False,18,11,2,3,18,16,4,1,43,13,14,16,0,43,12,12,19,0,27,10,0,27,14,0,0,1
114,2,Match 53,8/18/2015,League,7,"Shree Shiv Chhatrapati Sports Complex, Pune",5,U Mumba,8,Telugu Titans,5,Choice of court :Right,25,46,8.0,Telugu Titans,21,False,19,6,0,0,27,12,6,1,43,15,13,15,0,43,23,5,15,0,30,5,0,27,12,0,0,2
115,2,Match 54,8/18/2015,League,7,"Shree Shiv Chhatrapati Sports Complex, Pune",7,Puneri Paltan,6,Patna Pirates,7,Choice of court :Right,21,38,6.0,Patna Pirates,17,False,9,10,0,2,14,13,6,5,43,6,15,22,0,44,11,9,24,0,21,7,0,18,13,0,0,3
116,2,Match 55,8/19/2015,League,7,"Shree Shiv Chhatrapati Sports Complex, Pune",6,Patna Pirates,3,Jaipur Pink Panthers,3,Choice of court :Left,26,24,6.0,Patna Pirates,2,False,10,13,2,1,12,12,0,0,42,6,9,27,0,43,12,14,17,0,19,13,0,18,9,0,1,0
117,2,Match 56,8/19/2015,League,7,"Shree Shiv Chhatrapati Sports Complex, Pune",7,Puneri Paltan,1,Bengaluru Bulls,7,Choice of court :Left,30,31,1.0,Bengaluru Bulls,1,False,20,8,2,0,16,9,2,4,48,13,9,26,0,47,10,8,29,0,23,8,0,24,7,0,0,1
118,2,Semi-Final 1,8/21/2015,League,5,"DOME@NSCI SVP Stadium, Mumbai",8,Telugu Titans,1,Bengaluru Bulls,8,Choice of court :Right,38,39,1.0,Bengaluru Bulls,1,False,21,15,2,0,20,13,4,2,52,17,15,20,0,52,17,9,26,0,28,9,0,27,13,0,0,0
119,2,Semi-Final 2,8/21/2015,League,5,"DOME@NSCI SVP Stadium, Mumbai",5,U Mumba,6,Patna Pirates,6,Choice of court :Right,35,18,5.0,U Mumba,17,False,13,18,4,0,9,8,0,1,50,13,7,30,0,50,8,16,26,0,24,16,0,19,7,0,2,0
120,2,3/4 Place,8/23/2015,League,5,"DOME@NSCI SVP Stadium, Mumbai",6,Patna Pirates,8,Telugu Titans,6,Choice of court :Right,26,34,8.0,Telugu Titans,8,False,15,10,0,1,19,7,4,4,46,11,9,26,0,46,15,7,24,0,24,7,0,20,7,0,0,2
121,2,Final,8/23/2015,League,5,"DOME@NSCI SVP Stadium, Mumbai",5,U Mumba,1,Bengaluru Bulls,5,Choice of court :Right,36,30,5.0,U Mumba,6,False,17,14,4,1,18,10,2,0,52,14,10,28,0,51,13,14,24,0,29,14,0,26,10,0,1,1
122,3,Match 1,1/30/2016,League,8,"Rajiv Gandhi Indoor Stadium, Visakhapatnam",8,Telugu Titans,5,U Mumba,5,Choice of court :Left,25,27,5.0,U Mumba,2,False,16,6,2,1,15,7,2,3,40,12,8,20,0,40,11,7,22,0,17,6,0,23,7,0,0,1
123,3,Match 2,1/30/2016,League,8,"Rajiv Gandhi Indoor Stadium, Visakhapatnam",2,Dabang Delhi,1,Bengaluru Bulls,2,Choice of court :Right,29,35,1.0,Bengaluru Bulls,6,False,19,5,2,3,18,11,4,2,42,15,11,16,0,42,12,7,23,0,21,5,0,27,11,0,0,2
124,3,Match 3,1/31/2016,League,8,"Rajiv Gandhi Indoor Stadium, Visakhapatnam",3,Jaipur Pink Panthers,5,U Mumba,5,Choice of court :Left,27,18,3.0,Jaipur Pink Panthers,9,False,10,12,2,3,9,9,0,0,39,8,9,22,0,39,8,11,20,0,18,10,0,19,9,0,0,0
125,3,Match 4,1/31/2016,League,8,"Rajiv Gandhi Indoor Stadium, Visakhapatnam",8,Telugu Titans,7,Puneri Paltan,7,Choice of court :Left,27,26,8.0,Telugu Titans,1,False,13,10,0,4,11,11,2,2,43,10,11,22,0,43,10,10,23,0,19,8,2,19,10,1,0,1
126,3,Match 5,2/1/2016,League,8,"Rajiv Gandhi Indoor Stadium, Visakhapatnam",6,Patna Pirates,3,Jaipur Pink Panthers,6,Choice of court :Left,29,28,6.0,Patna Pirates,1,False,14,13,2,0,16,9,0,3,39,10,9,20,0,40,14,10,16,0,22,10,0,20,6,0,0,0
127,3,Match 6,2/1/2016,League,8,"Rajiv Gandhi Indoor Stadium, Visakhapatnam",8,Telugu Titans,2,Dabang Delhi,2,Choice of court :Left,45,34,8.0,Telugu Titans,11,False,26,14,4,1,27,4,2,1,42,22,4,16,1,43,17,13,13,1,32,12,1,26,4,0,2,1
128,3,Match 7,2/2/2016,League,8,"Rajiv Gandhi Indoor Stadium, Visakhapatnam",8,Telugu Titans,4,Bengal Warriors,4,Choice of court :Left,17,25,4.0,Bengal Warriors,8,False,9,7,0,1,11,10,2,2,41,7,11,23,0,41,10,7,24,0,16,7,0,16,10,0,0,1
129,3,Match 8,2/3/2016,League,1,"Sree Kanteerava Stadium, Bengaluru",1,Bengaluru Bulls,6,Patna Pirates,1,Choice of court :Right,24,33,6.0,Patna Pirates,9,False,17,5,0,2,18,11,2,2,43,15,11,17,0,42,16,5,21,0,21,5,0,24,10,0,0,1
130,3,Match 9,2/3/2016,League,1,"Sree Kanteerava Stadium, Bengaluru",2,Dabang Delhi,7,Puneri Paltan,7,Choice of court :Left,20,38,7.0,Puneri Paltan,18,False,13,6,0,1,20,13,4,1,41,9,13,19,0,41,16,5,20,0,25,5,0,24,13,0,0,2
131,3,Match 10,2/4/2016,League,1,"Sree Kanteerava Stadium, Bengaluru",1,Bengaluru Bulls,4,Bengal Warriors,1,Choice of court :Right,24,34,4.0,Bengal Warriors,10,False,12,9,2,1,18,10,4,2,41,10,10,21,0,42,14,8,20,0,24,7,0,20,9,0,1,1
132,3,Match 11,2/5/2016,League,1,"Sree Kanteerava Stadium, Bengaluru",2,Dabang Delhi,5,U Mumba,2,Choice of court :Right,17,30,5.0,U Mumba,13,False,7,9,0,1,13,11,4,2,40,6,13,21,0,41,10,9,22,0,21,9,0,16,11,0,0,1
133,3,Match 12,2/5/2016,League,1,"Sree Kanteerava Stadium, Bengaluru",1,Bengaluru Bulls,3,Jaipur Pink Panthers,1,Choice of court :Left,36,26,1.0,Bengaluru Bulls,10,False,16,13,6,1,18,4,2,2,43,13,5,25,0,44,14,12,18,0,22,11,0,18,4,0,0,0
134,3,Match 13,2/6/2016,League,1,"Sree Kanteerava Stadium, Bengaluru",5,U Mumba,6,Patna Pirates,5,Choice of court :Right,26,40,6.0,Patna Pirates,14,False,16,7,0,3,18,14,4,4,43,10,16,17,0,43,12,6,25,0,24,6,0,28,14,0,0,1
135,3,Match 14,2/6/2016,League,1,"Sree Kanteerava Stadium, Bengaluru",1,Bengaluru Bulls,8,Telugu Titans,1,Choice of court :Left,26,35,8.0,Telugu Titans,9,False,16,6,0,4,16,13,2,4,41,13,11,17,0,40,14,7,19,0,17,6,0,27,11,2,0,1
136,3,Match 15,2/7/2016,League,4,"Netaji Subhash Chandra Bose Indoor Stadium, Kolkata",4,Bengal Warriors,7,Puneri Paltan,7,Choice of court :Left,33,28,4.0,Bengal Warriors,5,False,18,9,4,2,14,9,2,3,40,15,7,18,0,40,10,11,19,0,17,9,0,22,6,0,0,0
137,3,Match 16,2/7/2016,League,4,"Netaji Subhash Chandra Bose Indoor Stadium, Kolkata",3,Jaipur Pink Panthers,2,Dabang Delhi,3,Choice of court :Left,39,34,3.0,Jaipur Pink Panthers,5,False,22,8,4,5,20,11,2,1,40,17,8,15,0,39,13,11,15,0,20,8,0,26,8,0,0,0
138,3,Match 17,2/8/2016,League,4,"Netaji Subhash Chandra Bose Indoor Stadium, Kolkata",6,Patna Pirates,8,Telugu Titans,8,Choice of court :Left,29,25,6.0,Patna Pirates,4,False,16,9,2,2,20,4,0,1,40,13,4,23,1,41,20,9,12,0,25,9,0,19,4,0,1,0
139,3,Match 18,2/8/2016,League,4,"Netaji Subhash Chandra Bose Indoor Stadium, Kolkata",4,Bengal Warriors,2,Dabang Delhi,4,Choice of court :Right,34,17,4.0,Bengal Warriors,17,False,16,9,4,5,10,6,0,1,41,15,6,20,0,41,9,13,19,0,16,9,0,19,6,0,0,0
140,3,Match 19,2/9/2016,League,4,"Netaji Subhash Chandra Bose Indoor Stadium, Kolkata",4,Bengal Warriors,6,Patna Pirates,6,Choice of court :Left,31,36,6.0,Patna Pirates,5,False,18,11,0,2,23,9,4,0,42,16,8,18,0,42,15,10,17,0,29,9,0,23,8,0,0,2
141,3,Match 20,2/10/2016,League,4,"Netaji Subhash Chandra Bose Indoor Stadium, Kolkata",5,U Mumba,1,Bengaluru Bulls,5,Choice of court :Right,29,28,5.0,U Mumba,1,False,13,12,2,2,13,9,4,2,42,13,10,19,0,42,8,11,23,0,24,11,0,16,9,0,0,1
142,3,Match 21,2/10/2016,League,4,"Netaji Subhash Chandra Bose Indoor Stadium, Kolkata",4,Bengal Warriors,3,Jaipur Pink Panthers,3,Choice of court :Left,34,20,4.0,Bengal Warriors,14,False,17,10,4,3,12,5,0,3,43,12,6,25,0,42,11,13,18,0,18,10,0,19,4,0,0,0
143,3,Match 22,2/11/2016,League,7,"Shree Shiv Chhatrapati Sports Complex, Pune",7,Puneri Paltan,6,Patna Pirates,6,Choice of court :Left,30,30,,Tie,0,True,16,10,2,2,17,9,2,2,45,16,10,19,0,44,12,10,22,0,25,10,0,23,9,0,0,1
144,3,Match 23,2/12/2016,League,7,"Shree Shiv Chhatrapati Sports Complex, Pune",6,Patna Pirates,2,Dabang Delhi,6,Choice of court :Right,47,34,6.0,Patna Pirates,13,False,25,12,6,4,25,5,2,2,44,21,6,17,0,44,22,11,11,0,30,11,0,25,5,0,2,0
145,3,Match 24,2/12/2016,League,7,"Shree Shiv Chhatrapati Sports Complex, Pune",7,Puneri Paltan,3,Jaipur Pink Panthers,7,Choice of court :Right,32,32,,Tie,0,True,21,8,2,1,21,7,2,2,41,18,7,16,0,42,11,9,22,0,24,8,0,25,7,0,0,1
146,3,Match 25,2/13/2016,League,7,"Shree Shiv Chhatrapati Sports Complex, Pune",3,Jaipur Pink Panthers,8,Telugu Titans,3,Choice of court :Right,25,27,8.0,Telugu Titans,2,False,13,11,0,1,14,10,2,1,41,10,9,22,0,42,12,8,22,0,21,8,3,16,9,1,0,1
147,3,Match 26,2/13/2016,League,7,"Shree Shiv Chhatrapati Sports Complex, Pune",7,Puneri Paltan,5,U Mumba,7,Choice of court :Right,27,29,5.0,U Mumba,2,False,14,8,2,3,15,10,2,2,42,9,10,23,0,43,11,9,23,0,19,7,0,19,9,0,1,0
148,3,Match 27,2/14/2016,League,7,"Shree Shiv Chhatrapati Sports Complex, Pune",5,U Mumba,4,Bengal Warriors,5,Choice of court :Right,32,21,5.0,U Mumba,11,False,15,10,4,3,16,4,0,1,40,13,4,23,0,40,14,12,14,0,16,10,0,16,3,0,1,0
149,3,Match 28,2/14/2016,League,7,"Shree Shiv Chhatrapati Sports Complex, Pune",7,Puneri Paltan,1,Bengaluru Bulls,1,Choice of court :Right,29,27,7.0,Puneri Paltan,2,False,17,10,2,0,17,6,2,2,40,12,6,22,0,40,14,10,16,0,25,10,0,17,6,0,0,0
150,3,Match 29,2/16/2016,League,6,"Patliputra Sports Complex, Patna",6,Patna Pirates,4,Bengal Warriors,4,Choice of court :Left,32,27,6.0,Patna Pirates,5,False,17,10,2,3,15,8,2,2,45,13,8,24,0,44,15,10,19,0,23,9,0,22,8,0,1,0
151,3,Match 30,2/16/2016,League,6,"Patliputra Sports Complex, Patna",8,Telugu Titans,3,Jaipur Pink Panthers,8,Choice of court :Right,26,35,3.0,Jaipur Pink Panthers,9,False,15,6,2,3,14,14,4,3,46,11,14,21,0,47,14,8,25,0,18,5,0,21,12,0,1,1
152,3,Match 31,2/17/2016,League,6,"Patliputra Sports Complex, Patna",6,Patna Pirates,1,Bengaluru Bulls,1,Choice of court :Left,36,32,6.0,Patna Pirates,4,False,24,9,2,1,21,5,4,2,43,18,6,19,0,42,12,10,20,0,29,9,0,18,5,0,0,1
153,3,Match 32,2/18/2016,League,6,"Patliputra Sports Complex, Patna",1,Bengaluru Bulls,2,Dabang Delhi,2,Choice of court :Left,21,35,2.0,Dabang Delhi,14,False,11,7,0,3,15,14,4,2,44,10,15,19,0,45,13,8,24,0,19,6,0,23,14,0,0,1
154,3,Match 33,2/18/2016,League,6,"Patliputra Sports Complex, Patna",6,Patna Pirates,7,Puneri Paltan,6,Choice of court :Right,28,28,,Tie,0,True,15,10,2,1,14,11,2,1,44,12,12,20,0,44,12,11,21,0,22,10,0,23,11,0,1,0
155,3,Match 34,2/19/2016,League,6,"Patliputra Sports Complex, Patna",4,Bengal Warriors,8,Telugu Titans,8,Choice of court :Left,32,28,4.0,Bengal Warriors,4,False,15,11,4,2,15,10,0,3,48,15,8,25,0,47,11,13,23,0,20,11,0,21,7,0,0,0
156,3,Match 35,2/19/2016,League,6,"Patliputra Sports Complex, Patna",6,Patna Pirates,5,U Mumba,5,Choice of court :Left,28,34,5.0,U Mumba,6,False,16,8,2,2,15,13,4,2,43,11,13,19,0,43,12,9,22,0,18,8,0,24,13,0,0,1
157,3,Match 36,2/20/2016,League,3,"Sawai Mansingh Stadium, Jaipur",3,Jaipur Pink Panthers,1,Bengaluru Bulls,1,Choice of court :Right,30,21,3.0,Jaipur Pink Panthers,9,False,15,9,4,2,13,7,0,1,41,11,7,23,0,40,9,10,21,0,17,8,0,21,6,0,0,0
158,3,Match 37,2/20/2016,League,3,"Sawai Mansingh Stadium, Jaipur",7,Puneri Paltan,2,Dabang Delhi,2,Choice of court :Right,32,22,7.0,Puneri Paltan,10,False,13,15,4,0,9,10,0,3,50,11,10,29,0,49,7,15,27,0,23,15,0,21,8,0,1,0
159,3,Match 38,2/21/2016,League,3,"Sawai Mansingh Stadium, Jaipur",8,Telugu Titans,1,Bengaluru Bulls,1,Choice of court :Left,40,22,8.0,Telugu Titans,18,False,18,14,4,4,18,3,0,1,46,17,4,25,0,45,17,12,16,0,27,11,0,17,3,0,2,0
160,3,Match 39,2/21/2016,League,3,"Sawai Mansingh Stadium, Jaipur",3,Jaipur Pink Panthers,7,Puneri Paltan,3,Choice of court :Left,18,33,7.0,Puneri Paltan,15,False,13,3,0,2,10,17,4,2,42,8,17,17,0,41,10,5,26,0,13,3,0,25,17,0,0,1
161,3,Match 40,2/22/2016,League,3,"Sawai Mansingh Stadium, Jaipur",3,Jaipur Pink Panthers,4,Bengal Warriors,3,Choice of court :Right,18,34,4.0,Bengal Warriors,16,False,5,10,0,3,15,14,4,1,43,5,14,24,0,44,10,9,25,0,21,8,0,17,14,0,0,1
162,3,Match 41,2/23/2016,League,3,"Sawai Mansingh Stadium, Jaipur",4,Bengal Warriors,5,U Mumba,4,Choice of court :Left,17,30,5.0,U Mumba,13,False,5,10,0,2,12,12,4,2,43,4,13,26,0,43,10,9,24,0,19,8,0,17,12,0,0,2
163,3,Match 42,2/23/2016,League,3,"Sawai Mansingh Stadium, Jaipur",3,Jaipur Pink Panthers,6,Patna Pirates,3,Choice of court :Left,24,47,6.0,Patna Pirates,23,False,13,7,2,2,23,14,8,2,45,12,15,18,0,45,19,8,18,0,23,7,0,24,14,0,0,1
164,3,Match 43,2/24/2016,League,2,"Thyagaraj Sports Complex, Delhi",2,Dabang Delhi,8,Telugu Titans,2,Choice of court :Right,36,44,8.0,Telugu Titans,8,False,24,9,2,1,28,10,6,0,47,17,10,20,0,48,23,6,19,0,31,6,0,26,10,0,1,0
165,3,Match 44,2/25/2016,League,2,"Thyagaraj Sports Complex, Delhi",1,Bengaluru Bulls,5,U Mumba,5,Choice of court :Left,18,39,5.0,U Mumba,21,False,10,5,0,3,18,14,6,1,43,8,15,20,0,43,15,6,22,0,22,5,0,20,14,0,0,2
166,3,Match 45,2/25/2016,League,2,"Thyagaraj Sports Complex, Delhi",2,Dabang Delhi,6,Patna Pirates,2,Choice of court :Right,34,67,6.0,Patna Pirates,33,False,25,7,0,2,34,20,10,3,50,17,21,12,0,50,29,6,15,0,40,6,0,35,20,0,0,1
167,3,Match 46,2/26/2016,League,2,"Thyagaraj Sports Complex, Delhi",7,Puneri Paltan,8,Telugu Titans,7,Choice of court :Right,41,24,7.0,Puneri Paltan,17,False,15,20,4,2,18,5,0,1,48,15,4,29,0,47,15,19,13,0,32,17,0,16,4,0,2,0
168,3,Match 47,2/26/2016,League,2,"Thyagaraj Sports Complex, Delhi",2,Dabang Delhi,3,Jaipur Pink Panthers,3,Choice of court :Left,21,21,,Tie,0,True,8,11,2,0,10,11,0,0,44,7,8,29,0,45,7,11,27,0,19,11,0,15,8,0,0,0
169,3,Match 48,2/27/2016,League,2,"Thyagaraj Sports Complex, Delhi",1,Bengaluru Bulls,7,Puneri Paltan,1,Choice of court :Right,27,44,7.0,Puneri Paltan,17,False,17,7,2,1,25,10,6,3,47,13,11,23,0,47,17,6,24,0,29,6,0,22,10,0,0,1
170,3,Match 49,2/27/2016,League,2,"Thyagaraj Sports Complex, Delhi",2,Dabang Delhi,4,Bengal Warriors,2,Choice of court :Right,31,37,4.0,Bengal Warriors,6,False,22,5,2,2,28,6,2,1,44,18,5,21,0,45,25,4,16,0,23,4,0,23,5,0,1,1
171,3,Match 50,2/28/2016,League,5,"DOME@NSCI SVP Stadium, Mumbai",5,U Mumba,3,Jaipur Pink Panthers,3,Choice of court :Left,35,21,5.0,U Mumba,14,False,18,10,6,1,11,7,2,1,43,16,7,20,0,42,9,10,23,0,18,10,0,22,7,0,2,1
172,3,Match 51,2/28/2016,League,5,"DOME@NSCI SVP Stadium, Mumbai",8,Telugu Titans,6,Patna Pirates,6,Choice of court :Left,42,41,8.0,Telugu Titans,1,False,29,5,4,4,30,7,4,0,44,25,7,12,0,45,19,8,18,0,29,5,0,32,7,0,0,1
173,3,Match 52,2/29/2016,League,5,"DOME@NSCI SVP Stadium, Mumbai",5,U Mumba,7,Puneri Paltan,5,Choice of court :Right,30,27,5.0,U Mumba,3,False,19,9,2,0,11,14,2,0,42,14,10,18,0,43,9,9,25,0,19,9,0,22,10,0,1,0
174,3,Match 53,3/1/2016,League,5,"DOME@NSCI SVP Stadium, Mumbai",4,Bengal Warriors,1,Bengaluru Bulls,4,Choice of court :Right,26,22,4.0,Bengal Warriors,4,False,15,11,0,0,10,8,0,4,51,14,10,27,0,50,8,10,32,0,20,10,0,21,8,0,0,0
175,3,Match 54,3/1/2016,League,5,"DOME@NSCI SVP Stadium, Mumbai",5,U Mumba,8,Telugu Titans,8,Choice of court :Right,38,22,5.0,U Mumba,16,False,20,10,6,2,17,3,0,2,41,18,3,20,0,41,10,11,20,0,21,10,0,21,2,0,0,0
176,3,Match 55,3/2/2016,League,5,"DOME@NSCI SVP Stadium, Mumbai",7,Puneri Paltan,4,Bengal Warriors,7,Choice of court :Right,43,19,7.0,Puneri Paltan,24,False,24,13,6,0,11,7,0,1,45,17,6,22,0,45,12,13,20,0,23,13,0,28,6,0,3,0
177,3,Match 56,3/2/2016,League,5,"DOME@NSCI SVP Stadium, Mumbai",5,U Mumba,2,Dabang Delhi,2,Choice of court :Left,36,20,5.0,U Mumba,16,False,21,10,4,1,9,9,0,2,44,20,8,16,0,45,7,10,28,0,18,10,0,26,7,0,1,0
178,3,Semi-Final 1,3/4/2016,League,10,"Indira Gandhi Indoor Stadium, New Delhi",6,Patna Pirates,7,Puneri Paltan,7,Choice of court :Right,40,21,6.0,Patna Pirates,19,False,18,15,6,1,11,8,2,0,43,12,8,23,0,42,11,15,16,0,23,15,0,24,8,0,3,0
179,3,Semi-Final 2,3/4/2016,League,10,"Indira Gandhi Indoor Stadium, New Delhi",5,U Mumba,4,Bengal Warriors,4,Choice of court :Right,41,29,5.0,U Mumba,12,False,20,14,6,1,18,9,2,0,48,16,8,24,0,47,16,13,18,0,27,12,0,27,8,0,1,0
180,3,3/4 Place,3/5/2016,League,10,"Indira Gandhi Indoor Stadium, New Delhi",4,Bengal Warriors,7,Puneri Paltan,7,Choice of court :Left,27,31,7.0,Puneri Paltan,4,False,14,11,2,0,15,10,4,2,46,11,10,25,0,46,13,8,25,0,21,8,0,19,9,0,1,2
181,3,Final,3/5/2016,League,10,"Indira Gandhi Indoor Stadium, New Delhi",5,U Mumba,6,Patna Pirates,6,Choice of court :Right,28,31,6.0,Patna Pirates,3,False,14,11,2,1,16,12,2,1,50,13,13,24,0,51,12,10,29,0,24,10,0,24,12,0,0,1
182,4,Match 1,6/25/2016,League,5,"DOME@NSCI SVP Stadium, Mumbai",7,Puneri Paltan,8,Telugu Titans,7,Choice of court :Right,12,25,8.0,Telugu Titans,13,False,8,2,0,2,9,3,10,3,8,4,3,1,0,8,6,2,0,0,6,2,0,6,3,0,0,5
183,4,Match 2,6/25/2016,League,5,"DOME@NSCI SVP Stadium, Mumbai",5,U Mumba,3,Jaipur Pink Panthers,5,Choice of court :Right,36,34,5.0,U Mumba,2,False,17,8,4,7,19,7,4,4,43,17,8,18,0,42,12,12,18,0,21,7,0,19,7,0,2,2
184,4,Match 3,6/26/2016,League,5,"DOME@NSCI SVP Stadium, Mumbai",1,Bengaluru Bulls,4,Bengal Warriors,1,Choice of court :Right,24,23,1.0,Bengaluru Bulls,1,False,11,9,2,2,12,7,2,2,41,9,8,24,0,40,8,9,23,0,17,8,0,18,7,0,1,1
185,4,Match 4,6/26/2016,League,5,"DOME@NSCI SVP Stadium, Mumbai",7,Puneri Paltan,5,U Mumba,5,Choice of court :Left,41,19,7.0,Puneri Paltan,22,False,22,10,6,3,14,4,0,1,42,16,3,23,0,41,11,10,20,0,18,10,0,25,3,0,3,0
186,4,Match 5,6/27/2016,League,5,"DOME@NSCI SVP Stadium, Mumbai",4,Bengal Warriors,2,Dabang Delhi K.C.,2,Choice of court :Left,31,23,4.0,Bengal Warriors,8,False,14,10,4,3,13,8,0,2,39,12,7,20,0,38,8,11,19,0,18,10,0,18,5,0,2,0
187,4,Match 6,6/27/2016,League,5,"DOME@NSCI SVP Stadium, Mumbai",7,Puneri Paltan,6,Patna Pirates,6,Choice of court :Left,24,30,6.0,Patna Pirates,6,False,17,7,0,0,16,10,4,0,44,14,9,21,0,44,14,7,23,0,22,7,0,19,9,0,0,2
188,4,Match 7,6/28/2016,League,5,"DOME@NSCI SVP Stadium, Mumbai",7,Puneri Paltan,2,Dabang Delhi K.C.,2,Choice of court :Left,27,27,,Tie,0,True,18,7,2,0,14,10,2,1,48,16,8,24,0,48,12,7,29,0,18,7,0,24,8,0,1,1
189,4,Match 8,6/29/2016,League,3,"Sawai Mansingh Stadium, Jaipur",3,Jaipur Pink Panthers,8,Telugu Titans,3,Choice of court :Left,28,24,3.0,Jaipur Pink Panthers,4,False,11,10,2,5,12,9,0,3,40,9,11,20,0,39,9,11,19,0,19,9,0,20,9,0,1,0
190,4,Match 9,6/29/2016,League,3,"Sawai Mansingh Stadium, Jaipur",5,U Mumba,6,Patna Pirates,6,Choice of court :Right,34,36,6.0,Patna Pirates,2,False,19,11,2,2,21,10,4,1,40,12,10,18,0,39,14,7,18,0,27,7,0,23,10,0,1,2
191,4,Match 10,6/30/2016,League,3,"Sawai Mansingh Stadium, Jaipur",3,Jaipur Pink Panthers,1,Bengaluru Bulls,3,Choice of court :Left,28,28,,Tie,0,True,18,7,2,1,13,9,4,2,41,15,9,17,0,41,11,8,22,0,17,7,0,22,9,0,1,2
192,4,Match 11,7/1/2016,League,3,"Sawai Mansingh Stadium, Jaipur",5,U Mumba,2,Dabang Delhi K.C.,2,Choice of court :Right,27,25,5.0,U Mumba,2,False,14,10,2,1,13,10,2,0,45,11,10,24,0,44,9,11,24,0,20,10,0,20,10,0,1,1
193,4,Match 12,7/1/2016,League,3,"Sawai Mansingh Stadium, Jaipur",3,Jaipur Pink Panthers,4,Bengal Warriors,4,Choice of court :Right,36,33,3.0,Jaipur Pink Panthers,3,False,24,9,2,1,21,8,2,2,47,16,8,23,0,47,18,6,23,0,23,6,0,28,8,0,1,1
194,4,Match 13,7/2/2016,League,3,"Sawai Mansingh Stadium, Jaipur",2,Dabang Delhi K.C.,1,Bengaluru Bulls,1,Choice of court :Right,32,24,2.0,Dabang Delhi K.C.,8,False,11,16,4,1,14,9,0,1,44,10,8,26,0,45,12,14,19,0,23,13,0,18,8,0,2,0
195,4,Match 14,7/2/2016,League,3,"Sawai Mansingh Stadium, Jaipur",3,Jaipur Pink Panthers,7,Puneri Paltan,7,Choice of court :Right,28,33,7.0,Puneri Paltan,5,False,22,6,0,0,16,13,4,0,43,14,13,16,0,42,15,5,22,0,21,5,0,26,13,0,0,2
196,4,Match 15,7/3/2016,League,9,"Gachibowli Indoor Stadium, Hyderabad",8,Telugu Titans,6,Patna Pirates,6,Choice of court :Left,33,35,6.0,Patna Pirates,2,False,19,9,4,1,23,9,2,1,41,14,8,19,0,41,17,9,15,0,27,8,0,23,7,0,2,1
197,4,Match 16,7/3/2016,League,9,"Gachibowli Indoor Stadium, Hyderabad",4,Bengal Warriors,5,U Mumba,5,Choice of court :Left,18,26,5.0,U Mumba,8,False,8,6,0,4,11,13,2,0,39,8,12,19,0,39,9,6,24,0,14,6,0,18,12,0,0,1
198,4,Match 17,7/4/2016,League,9,"Gachibowli Indoor Stadium, Hyderabad",1,Bengaluru Bulls,7,Puneri Paltan,1,Choice of court :Right,29,27,1.0,Bengaluru Bulls,2,False,14,14,0,1,13,10,2,2,43,9,10,24,0,42,8,12,22,0,25,12,0,19,8,0,0,1
199,4,Match 18,7/4/2016,League,9,"Gachibowli Indoor Stadium, Hyderabad",8,Telugu Titans,4,Bengal Warriors,8,Choice of court :Right,35,18,8.0,Telugu Titans,17,False,18,13,4,0,9,6,0,3,42,14,7,21,0,42,8,13,21,0,18,13,0,24,6,0,2,0
200,4,Match 19,7/5/2016,League,9,"Gachibowli Indoor Stadium, Hyderabad",8,Telugu Titans,1,Bengaluru Bulls,1,Choice of court :Right,28,30,1.0,Bengaluru Bulls,2,False,20,4,2,2,18,8,2,2,43,18,6,19,0,44,15,6,23,0,17,4,0,25,6,0,1,1
201,4,Match 20,7/6/2016,League,9,"Gachibowli Indoor Stadium, Hyderabad",2,Dabang Delhi K.C.,3,Jaipur Pink Panthers,3,Choice of court :Left,26,51,3.0,Jaipur Pink Panthers,25,False,21,4,0,1,27,14,8,2,46,14,13,19,0,46,20,4,22,0,30,4,0,26,12,0,0,4
202,4,Match 21,7/6/2016,League,9,"Gachibowli Indoor Stadium, Hyderabad",8,Telugu Titans,5,U Mumba,8,Choice of court :Left,35,30,8.0,Telugu Titans,5,False,19,11,4,1,22,6,2,0,46,14,6,26,0,46,17,11,18,0,26,11,0,24,6,0,2,1
203,4,Match 22,7/7/2016,League,6,"Patliputra Sports Complex, Patna",6,Patna Pirates,1,Bengaluru Bulls,6,Choice of court :Right,31,25,6.0,Patna Pirates,6,False,18,10,2,1,15,9,0,1,44,13,7,24,0,44,11,8,25,0,18,7,0,22,7,0,1,0
204,4,Match 23,7/8/2016,League,6,"Patliputra Sports Complex, Patna",1,Bengaluru Bulls,5,U Mumba,5,Choice of court :Left,23,24,5.0,U Mumba,1,False,13,8,2,0,14,7,2,1,42,12,8,22,0,42,13,7,22,0,18,7,0,17,7,0,1,1
205,4,Match 24,7/8/2016,League,6,"Patliputra Sports Complex, Patna",6,Patna Pirates,4,Bengal Warriors,4,Choice of court :Left,35,21,6.0,Patna Pirates,14,False,17,15,2,1,13,8,0,0,45,13,8,24,0,45,11,10,24,0,20,10,0,22,8,0,1,0
206,4,Match 25,7/9/2016,League,6,"Patliputra Sports Complex, Patna",4,Bengal Warriors,7,Puneri Paltan,7,Choice of court :Left,31,38,7.0,Puneri Paltan,7,False,16,9,2,4,20,10,4,4,43,16,9,18,0,43,19,9,15,0,26,9,0,22,9,0,1,2
207,4,Match 26,7/9/2016,League,6,"Patliputra Sports Complex, Patna",6,Patna Pirates,2,Dabang Delhi K.C.,6,Choice of court :Right,15,33,2.0,Dabang Delhi K.C.,18,False,9,6,0,0,11,13,4,5,44,8,16,20,0,43,10,6,27,0,16,6,0,21,13,0,0,2
208,4,Match 27,7/10/2016,League,6,"Patliputra Sports Complex, Patna",2,Dabang Delhi K.C.,8,Telugu Titans,2,Choice of court :Right,23,28,8.0,Telugu Titans,5,False,10,11,0,2,12,11,2,3,45,7,11,27,0,45,11,8,26,0,17,8,0,19,11,0,0,1
209,4,Match 28,7/10/2016,League,6,"Patliputra Sports Complex, Patna",6,Patna Pirates,3,Jaipur Pink Panthers,6,Choice of court :Right,21,26,3.0,Jaipur Pink Panthers,5,False,9,11,0,1,8,17,0,1,42,8,12,22,0,42,7,9,26,0,16,9,0,20,11,0,0,0
210,4,Match 29,7/12/2016,League,1,"Sree Kanteerava Stadium, Bengaluru",1,Bengaluru Bulls,8,Telugu Titans,1,Choice of court :Right,24,32,8.0,Telugu Titans,8,False,17,6,0,1,14,13,4,1,43,12,11,20,0,44,14,6,24,0,18,6,0,24,11,0,0,2
211,4,Match 30,7/12/2016,League,1,"Sree Kanteerava Stadium, Bengaluru",7,Puneri Paltan,4,Bengal Warriors,4,Choice of court :Left,34,34,,Tie,0,True,21,7,2,4,12,18,2,2,47,16,14,17,0,47,10,10,27,0,16,7,0,30,13,0,1,1
212,4,Match 31,7/13/2016,League,1,"Sree Kanteerava Stadium, Bengaluru",1,Bengaluru Bulls,3,Jaipur Pink Panthers,3,Choice of court :Left,22,24,3.0,Jaipur Pink Panthers,2,False,13,6,2,1,12,9,2,1,38,8,8,22,0,39,10,6,23,0,15,6,0,19,8,0,1,1
213,4,Match 32,7/14/2016,League,1,"Sree Kanteerava Stadium, Bengaluru",3,Jaipur Pink Panthers,5,U Mumba,5,Choice of court :Left,23,29,5.0,U Mumba,6,False,14,6,0,3,16,10,2,1,38,12,11,15,0,39,15,6,18,0,18,6,0,21,10,0,0,1
214,4,Match 33,7/14/2016,League,1,"Sree Kanteerava Stadium, Bengaluru",1,Bengaluru Bulls,6,Patna Pirates,1,Choice of court :Left,23,38,6.0,Patna Pirates,15,False,11,11,0,1,14,17,6,1,43,10,18,15,0,42,11,9,22,0,22,9,0,24,17,0,0,3
215,4,Match 34,7/15/2016,League,1,"Sree Kanteerava Stadium, Bengaluru",8,Telugu Titans,7,Puneri Paltan,7,Choice of court :Left,32,29,8.0,Telugu Titans,3,False,15,13,2,2,16,8,2,3,44,12,9,23,0,43,12,13,18,0,28,13,0,16,7,0,1,1
216,4,Match 35,7/15/2016,League,1,"Sree Kanteerava Stadium, Bengaluru",1,Bengaluru Bulls,2,Dabang Delhi K.C.,2,Choice of court :Left,20,40,2.0,Dabang Delhi K.C.,20,False,17,3,0,0,21,10,6,3,45,12,11,22,0,45,15,3,27,0,20,3,0,21,10,0,0,3
217,4,Match 36,7/16/2016,League,4,"Netaji Subhash Chandra Bose Indoor Stadium, Kolkata",4,Bengal Warriors,3,Jaipur Pink Panthers,3,Choice of court :Left,32,25,4.0,Bengal Warriors,7,False,19,11,2,0,18,5,0,2,39,13,6,20,0,40,13,11,16,0,24,11,0,22,5,0,1,0
218,4,Match 37,7/16/2016,League,4,"Netaji Subhash Chandra Bose Indoor Stadium, Kolkata",6,Patna Pirates,5,U Mumba,6,Choice of court :Right,34,24,6.0,Patna Pirates,10,False,13,16,4,1,14,9,0,1,43,8,9,26,0,44,11,15,18,0,23,14,0,20,8,0,2,0
219,4,Match 38,7/17/2016,League,4,"Netaji Subhash Chandra Bose Indoor Stadium, Kolkata",7,Puneri Paltan,3,Jaipur Pink Panthers,3,Choice of court :Left,27,33,3.0,Jaipur Pink Panthers,6,False,19,6,0,2,18,8,4,3,44,13,11,20,0,44,14,6,24,0,23,6,0,22,8,0,0,2
220,4,Match 39,7/17/2016,League,4,"Netaji Subhash Chandra Bose Indoor Stadium, Kolkata",4,Bengal Warriors,6,Patna Pirates,6,Choice of court :Left,27,33,6.0,Patna Pirates,6,False,16,9,0,2,17,11,2,3,44,13,11,20,0,43,14,11,18,0,21,9,0,20,9,0,0,1
221,4,Match 40,7/18/2016,League,4,"Netaji Subhash Chandra Bose Indoor Stadium, Kolkata",4,Bengal Warriors,8,Telugu Titans,8,Choice of court :Right,34,34,,Tie,0,True,19,10,2,3,22,8,2,2,43,14,8,21,0,44,16,9,19,0,25,8,0,22,8,0,1,1
222,4,Match 41,7/19/2016,League,4,"Netaji Subhash Chandra Bose Indoor Stadium, Kolkata",8,Telugu Titans,2,Dabang Delhi K.C.,8,Choice of court :Right,36,28,8.0,Telugu Titans,8,False,18,13,2,3,16,7,2,3,43,10,8,25,0,43,8,13,22,0,27,12,0,21,7,0,1,1
223,4,Match 42,7/19/2016,League,4,"Netaji Subhash Chandra Bose Indoor Stadium, Kolkata",4,Bengal Warriors,1,Bengaluru Bulls,4,Choice of court :Right,25,27,1.0,Bengaluru Bulls,2,False,13,8,2,2,17,9,0,1,46,12,8,26,0,46,15,9,22,0,19,8,0,20,8,0,1,0
224,4,Match 43,7/20/2016,League,5,"DOME@NSCI SVP Stadium, Mumbai",5,U Mumba,7,Puneri Paltan,7,Choice of court :Left,34,31,5.0,U Mumba,3,False,18,10,4,2,19,8,2,2,43,17,8,18,0,42,15,11,16,0,24,10,0,24,7,0,2,1
225,4,Match 44,7/21/2016,League,5,"DOME@NSCI SVP Stadium, Mumbai",3,Jaipur Pink Panthers,2,Dabang Delhi K.C.,2,Choice of court :Left,24,22,3.0,Jaipur Pink Panthers,2,False,14,7,2,1,14,7,0,1,41,13,7,21,0,40,9,7,24,0,15,7,0,20,6,0,1,0
226,4,Match 45,7/21/2016,League,5,"DOME@NSCI SVP Stadium, Mumbai",5,U Mumba,8,Telugu Titans,8,Choice of court :Left,25,25,,Tie,0,True,14,9,2,0,13,8,2,2,42,10,9,23,0,43,12,7,24,0,20,7,0,19,8,0,1,1
227,4,Match 46,7/22/2016,League,5,"DOME@NSCI SVP Stadium, Mumbai",3,Jaipur Pink Panthers,6,Patna Pirates,6,Choice of court :Left,29,22,3.0,Jaipur Pink Panthers,7,False,13,9,4,3,16,3,0,3,40,13,4,23,0,39,14,8,17,0,17,8,0,16,3,0,2,0
228,4,Match 47,7/22/2016,League,5,"DOME@NSCI SVP Stadium, Mumbai",5,U Mumba,4,Bengal Warriors,4,Choice of court :Left,27,31,4.0,Bengal Warriors,4,False,19,3,2,3,15,11,4,1,42,17,11,14,0,43,14,5,24,0,15,3,0,26,11,0,1,2
229,4,Match 48,7/23/2016,League,5,"DOME@NSCI SVP Stadium, Mumbai",6,Patna Pirates,7,Puneri Paltan,7,Choice of court :Right,31,28,6.0,Patna Pirates,3,False,17,10,4,0,17,9,2,0,44,13,8,23,0,44,14,9,21,0,21,9,0,22,8,0,2,1
230,4,Match 49,7/23/2016,League,5,"DOME@NSCI SVP Stadium, Mumbai",5,U Mumba,1,Bengaluru Bulls,5,Choice of court :Right,27,28,1.0,Bengaluru Bulls,1,False,14,10,2,1,10,11,4,3,41,12,12,17,0,41,8,10,23,0,17,9,0,21,11,0,1,2
231,4,Match 50,7/24/2016,League,2,"Thyagaraj Sports Complex, Delhi",2,Dabang Delhi K.C.,4,Bengal Warriors,4,Choice of court :Left,41,20,2.0,Dabang Delhi K.C.,21,False,22,11,6,2,15,4,0,1,45,21,3,21,0,45,14,11,20,0,17,11,0,23,3,0,3,0
232,4,Match 51,7/24/2016,League,2,"Thyagaraj Sports Complex, Delhi",8,Telugu Titans,3,Jaipur Pink Panthers,8,Choice of court :Right,35,23,8.0,Telugu Titans,12,False,16,11,4,4,15,7,0,1,41,11,7,23,0,40,12,13,15,0,22,11,0,18,6,0,2,0
233,4,Match 52,7/25/2016,League,2,"Thyagaraj Sports Complex, Delhi",2,Dabang Delhi K.C.,6,Patna Pirates,6,Choice of court :Left,31,32,6.0,Patna Pirates,1,False,20,10,0,1,18,9,2,3,44,11,9,24,0,43,18,8,17,0,24,7,0,20,9,0,0,1
234,4,Match 53,7/26/2016,League,2,"Thyagaraj Sports Complex, Delhi",6,Patna Pirates,8,Telugu Titans,8,Choice of court :Left,25,46,8.0,Telugu Titans,21,False,16,9,0,0,23,17,6,0,44,11,17,16,0,45,17,7,21,0,28,7,0,30,17,0,0,3
235,4,Match 54,7/26/2016,League,2,"Thyagaraj Sports Complex, Delhi",2,Dabang Delhi K.C.,7,Puneri Paltan,2,Choice of court :Right,34,39,7.0,Puneri Paltan,5,False,21,11,0,2,24,5,4,6,48,18,7,23,0,47,23,8,16,0,29,6,0,20,5,0,0,2
236,4,Match 55,7/27/2016,League,2,"Thyagaraj Sports Complex, Delhi",7,Puneri Paltan,1,Bengaluru Bulls,1,Choice of court :Left,36,33,7.0,Puneri Paltan,3,False,17,13,4,2,18,12,2,1,48,15,9,24,0,49,14,14,21,0,23,13,0,25,9,0,2,1
237,4,Match 56,7/27/2016,League,2,"Thyagaraj Sports Complex, Delhi",2,Dabang Delhi K.C.,5,U Mumba,5,Choice of court :Left,34,38,5.0,U Mumba,4,False,19,8,4,3,21,11,4,2,46,14,11,21,0,47,17,8,22,0,21,8,0,24,11,0,2,2
238,4,Semi-Final 1,7/29/2016,League,9,"Gachibowli Indoor Stadium, Hyderabad",6,Patna Pirates,7,Puneri Paltan,6,Choice of court :Right,37,33,6.0,Patna Pirates,4,False,20,14,2,1,17,12,2,2,52,17,11,24,0,52,14,11,27,0,23,10,0,28,11,0,1,1
239,4,Semi-Final 2,7/29/2016,League,9,"Gachibowli Indoor Stadium, Hyderabad",8,Telugu Titans,3,Jaipur Pink Panthers,8,Choice of court :Right,24,34,3.0,Jaipur Pink Panthers,10,False,18,4,0,2,16,11,4,3,40,14,10,16,0,39,13,4,22,0,20,4,0,22,10,0,0,2
240,4,3/4 Place,7/31/2016,League,9,"Gachibowli Indoor Stadium, Hyderabad",8,Telugu Titans,7,Puneri Paltan,8,Choice of court :Left,35,40,7.0,Puneri Paltan,5,False,21,6,4,4,23,10,4,3,45,17,11,17,0,45,18,6,21,0,24,6,0,29,10,0,2,2
241,4,Final,7/31/2016,League,9,"Gachibowli Indoor Stadium, Hyderabad",6,Patna Pirates,3,Jaipur Pink Panthers,6,Choice of court :Right,37,29,6.0,Patna Pirates,8,False,20,12,4,1,21,4,0,4,43,16,5,22,0,43,15,10,18,0,22,9,0,21,4,0,2,0
286,5,Match 1,7/28/2017,Group,9,"Gachibowli Indoor Stadium, Hyderabad",8,Telugu Titans,29,Tamil Thalaivas,8,Choice of court :Right,32,27,8.0,Telugu Titans,5,False,19,11,2,0,16,9,0,2,45,17,9,19,0,44,16,11,17,0,21,11,0,22,8,1,1,0
287,5,Match 2,7/28/2017,Group,9,"Gachibowli Indoor Stadium, Hyderabad",5,U Mumba,7,Puneri Paltan,5,Choice of court :Right,21,33,7.0,Puneri Paltan,12,False,11,7,0,3,12,15,4,2,43,11,14,18,0,44,10,7,27,1,19,7,0,19,13,2,0,2
288,5,Match 3,7/29/2017,Group,9,"Gachibowli Indoor Stadium, Hyderabad",3,Jaipur Pink Panthers,2,Dabang Delhi K.C.,3,Choice of court :Right,26,30,2.0,Dabang Delhi K.C.,4,False,15,4,2,5,13,12,4,1,42,12,12,18,0,43,13,6,24,0,14,4,0,24,12,0,1,2
289,5,Match 4,7/29/2017,Group,9,"Gachibowli Indoor Stadium, Hyderabad",8,Telugu Titans,6,Patna Pirates,6,Choice of court :Left,29,35,6.0,Patna Pirates,6,False,18,8,2,1,22,10,2,1,40,13,8,19,0,39,17,8,14,1,22,8,0,22,8,2,1,1
290,5,Match 5,7/30/2017,Group,9,"Gachibowli Indoor Stadium, Hyderabad",5,U Mumba,28,Haryana Steelers,28,Choice of court :Left,29,28,5.0,U Mumba,1,False,16,11,2,0,16,9,2,1,41,11,9,21,1,40,16,10,14,0,23,10,1,21,9,0,1,1
291,5,Match 6,7/30/2017,Group,9,"Gachibowli Indoor Stadium, Hyderabad",8,Telugu Titans,1,Bengaluru Bulls,1,Choice of court :Left,21,31,1.0,Bengaluru Bulls,10,False,15,4,0,2,17,10,4,0,39,13,10,16,0,40,12,4,24,1,17,4,0,18,10,0,0,2
292,5,Match 7,8/1/2017,Group,9,"Gachibowli Indoor Stadium, Hyderabad",31,Gujarat Fortunegiants,2,Dabang Delhi K.C.,31,Choice of court :Right,26,20,31.0,Gujarat Fortunegiants,6,False,10,9,4,3,11,5,2,2,43,11,6,26,0,42,9,10,23,0,17,9,0,15,5,0,2,1
293,5,Match 8,8/1/2017,Group,9,"Gachibowli Indoor Stadium, Hyderabad",8,Telugu Titans,30,U.P. Yoddha,8,Choice of court :Right,18,31,30.0,U.P. Yoddha,13,False,13,4,0,1,17,11,2,1,40,13,11,16,0,41,14,4,23,1,18,4,0,22,10,1,0,1
294,5,Match 9,8/2/2017,Group,9,"Gachibowli Indoor Stadium, Hyderabad",31,Gujarat Fortunegiants,28,Haryana Steelers,28,Choice of court :Left,27,27,,Tie,0,True,14,9,2,2,16,9,2,0,44,11,8,25,0,45,13,9,23,1,19,8,1,20,8,1,1,1
295,5,Match 10,8/2/2017,Group,9,"Gachibowli Indoor Stadium, Hyderabad",8,Telugu Titans,4,Bengal Warriors,8,Choice of court :Right,24,30,4.0,Bengal Warriors,6,False,16,7,0,1,19,6,2,3,42,14,6,22,0,41,14,6,21,1,22,6,1,18,6,0,0,1
296,5,Match 11,8/3/2017,Group,9,"Gachibowli Indoor Stadium, Hyderabad",8,Telugu Titans,6,Patna Pirates,8,Choice of court :Right,36,43,6.0,Patna Pirates,7,False,20,10,2,4,22,13,4,4,45,17,14,14,0,46,18,10,18,0,27,9,1,24,10,3,1,2
297,5,Match 12,8/4/2017,Group,17,"Mankapur Indoor Stadium, Nagpur",1,Bengaluru Bulls,29,Tamil Thalaivas,1,Choice of court :Left,32,31,1.0,Bengaluru Bulls,1,False,15,13,4,0,16,8,4,3,45,13,8,24,0,44,16,11,17,0,23,11,2,21,8,0,2,2
298,5,Match 13,8/4/2017,Group,17,"Mankapur Indoor Stadium, Nagpur",7,Puneri Paltan,2,Dabang Delhi K.C.,7,Choice of court :Left,26,21,7.0,Puneri Paltan,5,False,14,8,2,2,11,6,0,4,42,12,6,24,0,43,11,9,23,0,16,8,0,19,5,1,1,0
299,5,Match 14,8/5/2017,Group,17,"Mankapur Indoor Stadium, Nagpur",5,U Mumba,2,Dabang Delhi K.C.,5,Choice of court :Left,36,22,5.0,U Mumba,14,False,15,15,4,2,10,7,0,5,41,11,8,22,1,41,7,13,21,0,19,12,3,19,7,0,2,0
300,5,Match 15,8/5/2017,Group,17,"Mankapur Indoor Stadium, Nagpur",1,Bengaluru Bulls,30,U.P. Yoddha,30,Choice of court :Right,27,32,30.0,U.P. Yoddha,5,False,17,4,2,4,18,9,2,3,38,12,10,16,0,37,15,4,18,1,16,4,0,25,9,0,1,1
301,5,Match 16,8/6/2017,Group,17,"Mankapur Indoor Stadium, Nagpur",4,Bengal Warriors,30,U.P. Yoddha,30,Choice of court :Right,40,20,4.0,Bengal Warriors,20,False,22,9,6,3,13,4,0,3,43,21,3,19,0,43,12,12,19,0,20,9,0,25,3,1,3,0
302,5,Match 17,8/6/2017,Group,17,"Mankapur Indoor Stadium, Nagpur",1,Bengaluru Bulls,6,Patna Pirates,1,Choice of court :Left,32,46,6.0,Patna Pirates,14,False,22,5,0,5,24,12,8,2,43,18,10,15,0,42,21,6,15,0,26,4,0,19,10,2,0,4
303,5,Match 18,8/8/2017,Group,17,"Mankapur Indoor Stadium, Nagpur",31,Gujarat Fortunegiants,28,Haryana Steelers,31,Choice of court :Left,20,32,28.0,Haryana Steelers,12,False,10,9,0,1,10,16,2,4,41,7,13,21,1,41,8,9,24,0,17,8,1,21,12,4,0,1
304,5,Match 19,8/8/2017,Group,17,"Mankapur Indoor Stadium, Nagpur",1,Bengaluru Bulls,8,Telugu Titans,1,Choice of court :Left,21,21,,Tie,0,True,10,7,2,2,14,6,0,1,42,11,7,24,0,42,11,8,23,0,18,7,0,14,6,0,1,0
305,5,Match 20,8/9/2017,Group,17,"Mankapur Indoor Stadium, Nagpur",1,Bengaluru Bulls,4,Bengal Warriors,1,Choice of court :Left,31,25,1.0,Bengaluru Bulls,6,False,14,12,2,3,15,8,2,0,41,10,8,23,1,40,12,10,18,0,21,10,2,18,8,0,1,1
306,5,Match 21,8/10/2017,Group,17,"Mankapur Indoor Stadium, Nagpur",7,Puneri Paltan,3,Jaipur Pink Panthers,3,Choice of court :Right,28,30,3.0,Jaipur Pink Panthers,2,False,18,8,0,2,12,12,2,4,41,14,12,15,1,41,13,8,20,0,17,7,1,26,11,1,0,1
307,5,Match 22,8/10/2017,Group,17,"Mankapur Indoor Stadium, Nagpur",1,Bengaluru Bulls,29,Tamil Thalaivas,1,Choice of court :Left,24,29,29.0,Tamil Thalaivas,5,False,15,6,2,1,16,10,2,1,43,14,10,19,0,44,14,6,24,0,14,6,0,20,9,1,1,1
308,5,Match 23,8/11/2017,Group,11,"The Arena, Ahmedabad",31,Gujarat Fortunegiants,5,U Mumba,31,Choice of court :Left,39,21,31.0,Gujarat Fortunegiants,18,False,19,13,6,1,13,5,0,3,43,15,6,22,0,44,9,14,21,0,19,13,0,23,4,1,3,0
309,5,Match 24,8/12/2017,Group,11,"The Arena by Transstadia, Ahmedabad",8,Telugu Titans,30,U.P. Yoddha,8,Choice of court :Left,32,39,30.0,U.P. Yoddha,7,False,19,9,2,2,22,11,2,4,43,16,12,15,1,42,19,10,13,1,25,9,0,26,10,1,1,1
310,5,Match 25,8/12/2017,Group,11,"The Arena by Transstadia, Ahmedabad",31,Gujarat Fortunegiants,2,Dabang Delhi K.C.,31,Choice of court :Left,29,25,31.0,Gujarat Fortunegiants,4,False,17,7,2,3,12,8,2,3,46,13,9,24,0,47,8,10,29,1,14,7,0,22,8,0,1,1
311,5,Match 26,8/13/2017,Group,11,"The Arena by Transstadia, Ahmedabad",6,Patna Pirates,30,U.P. Yoddha,30,Choice of court :Right,27,27,,Tie,0,True,18,6,0,3,16,9,0,2,40,18,8,14,0,41,15,6,20,0,16,5,1,23,8,1,0,0
312,5,Match 27,8/13/2017,Group,11,"The Arena by Transstadia, Ahmedabad",31,Gujarat Fortunegiants,3,Jaipur Pink Panthers,31,Choice of court :Left,27,20,31.0,Gujarat Fortunegiants,7,False,8,13,2,4,9,6,0,5,42,7,10,25,0,41,8,14,19,0,19,13,0,12,6,0,1,0
313,5,Match 28,8/15/2017,Group,11,"The Arena by Transstadia, Ahmedabad",4,Bengal Warriors,7,Puneri Paltan,7,Choice of court :Right,17,34,7.0,Puneri Paltan,17,False,10,6,0,1,15,10,4,5,43,9,14,20,0,44,12,6,26,0,19,5,1,16,10,0,0,2
314,5,Match 29,8/15/2017,Group,11,"The Arena by Transstadia, Ahmedabad",31,Gujarat Fortunegiants,1,Bengaluru Bulls,31,Choice of court :Left,27,24,31.0,Gujarat Fortunegiants,3,False,13,11,2,1,10,11,2,1,43,11,10,22,0,43,7,10,26,0,16,9,2,21,9,2,1,1
315,5,Match 30,8/16/2017,Group,11,"The Arena by Transstadia, Ahmedabad",28,Haryana Steelers,29,Tamil Thalaivas,29,Choice of court :Right,25,25,,Tie,0,True,12,10,0,3,12,10,2,1,43,12,10,21,0,44,10,9,25,0,18,8,2,16,9,1,0,1
316,5,Match 31,8/16/2017,Group,11,"The Arena by Transstadia, Ahmedabad",31,Gujarat Fortunegiants,8,Telugu Titans,31,Choice of court :Left,29,19,31.0,Gujarat Fortunegiants,10,False,17,9,2,1,12,5,0,2,43,13,7,23,1,42,10,9,23,0,19,9,0,19,5,0,1,0
317,5,Match 32,8/17/2017,Group,11,"The Arena by Transstadia, Ahmedabad",2,Dabang Delhi K.C.,29,Tamil Thalaivas,2,Choice of court :Left,30,29,2.0,Dabang Delhi K.C.,1,False,24,6,0,0,15,11,2,1,46,17,9,20,1,45,14,5,26,0,18,5,1,26,8,3,0,1
318,5,Match 33,8/17/2017,Group,11,"The Arena by Transstadia, Ahmedabad",31,Gujarat Fortunegiants,4,Bengal Warriors,31,Choice of court :Left,26,26,,Tie,0,True,21,3,2,0,17,5,2,2,41,16,6,19,1,41,15,3,23,1,18,3,0,21,5,0,1,1
319,5,Match 34,8/18/2017,Group,13,"Babu Banarasi Das Indoor Stadium, Lucknow",30,U.P. Yoddha,5,U Mumba,5,Choice of court :Left,34,37,5.0,U Mumba,3,False,23,6,4,1,25,8,4,0,40,17,8,15,2,40,18,6,16,0,24,6,0,30,8,0,2,2
320,5,Match 35,8/18/2017,Group,13,"Babu Banarasi Das Indoor Stadium, Lucknow",1,Bengaluru Bulls,3,Jaipur Pink Panthers,3,Choice of court :Left,28,30,3.0,Jaipur Pink Panthers,2,False,15,8,4,1,13,10,4,3,39,13,12,14,0,39,12,8,19,1,17,8,0,19,10,0,2,2
321,5,Match 36,8/19/2017,Group,13,"Babu Banarasi Das Indoor Stadium, Lucknow",8,Telugu Titans,5,U Mumba,5,Choice of court :Left,37,32,8.0,Telugu Titans,5,False,18,14,4,1,18,9,2,3,43,13,10,20,2,43,14,11,18,0,23,11,3,25,9,0,2,1
322,5,Match 37,8/19/2017,Group,13,"Babu Banarasi Das Indoor Stadium, Lucknow",30,U.P. Yoddha,28,Haryana Steelers,30,Choice of court :Right,29,36,28.0,Haryana Steelers,7,False,11,14,0,4,15,14,4,3,45,10,16,19,0,45,13,10,22,0,23,9,4,21,13,1,0,2
323,5,Match 38,8/20/2017,Group,13,"Babu Banarasi Das Indoor Stadium, Lucknow",6,Patna Pirates,7,Puneri Paltan,7,Choice of court :Left,42,47,7.0,Puneri Paltan,5,False,31,6,4,1,29,12,4,2,46,22,12,12,2,45,21,5,19,1,25,5,1,37,12,0,2,2
324,5,Match 39,8/20/2017,Group,13,"Babu Banarasi Das Indoor Stadium, Lucknow",30,U.P. Yoddha,3,Jaipur Pink Panthers,30,Choice of court :Right,22,24,3.0,Jaipur Pink Panthers,2,False,12,7,0,3,12,8,2,2,41,10,8,23,0,42,11,8,23,1,17,5,2,16,8,0,0,1
325,5,Match 40,8/22/2017,Group,13,"Babu Banarasi Das Indoor Stadium, Lucknow",31,Gujarat Fortunegiants,7,Puneri Paltan,7,Choice of court :Left,35,21,31.0,Gujarat Fortunegiants,14,False,13,17,4,1,11,10,0,0,47,12,9,26,0,46,9,17,20,0,24,17,0,21,9,1,2,0
326,5,Match 41,8/22/2017,Group,13,"Babu Banarasi Das Indoor Stadium, Lucknow",30,U.P. Yoddha,4,Bengal Warriors,30,Choice of court :Right,31,32,4.0,Bengal Warriors,1,False,20,10,0,1,17,10,2,3,46,18,12,16,1,47,13,9,25,0,22,9,1,21,10,0,0,1
327,5,Match 42,8/23/2017,Group,13,"Babu Banarasi Das Indoor Stadium, Lucknow",28,Haryana Steelers,2,Dabang Delhi K.C.,2,Choice of court :Left,27,25,28.0,Haryana Steelers,2,False,16,8,2,1,14,9,2,0,48,13,8,27,0,47,11,9,27,0,20,8,0,21,8,1,1,1
328,5,Match 43,8/23/2017,Group,13,"Babu Banarasi Das Indoor Stadium, Lucknow",30,U.P. Yoddha,29,Tamil Thalaivas,29,Choice of court :Left,33,33,,Tie,0,True,19,10,2,2,16,14,2,1,51,15,13,23,1,50,16,9,25,0,25,9,1,29,13,1,1,1
329,5,Match 44,8/24/2017,Group,13,"Babu Banarasi Das Indoor Stadium, Lucknow",30,U.P. Yoddha,8,Telugu Titans,30,Choice of court :Right,25,23,30.0,U.P. Yoddha,2,False,13,10,0,2,10,12,0,1,46,10,12,24,0,47,9,11,27,0,17,9,1,23,11,0,0,0
330,5,Match 45,8/25/2017,Group,5,"DOME@NSCI SVP Stadium, Mumbai",5,U Mumba,3,Jaipur Pink Panthers,5,Choice of court :Left,36,39,3.0,Jaipur Pink Panthers,3,False,17,13,2,4,19,11,6,3,41,13,13,15,1,41,12,11,18,2,29,10,3,21,11,0,1,3
331,5,Match 46,8/25/2017,Group,5,"DOME@NSCI SVP Stadium, Mumbai",4,Bengal Warriors,6,Patna Pirates,6,Choice of court :Right,36,36,,Tie,0,True,22,11,2,1,18,13,4,1,48,18,13,17,0,49,16,10,23,1,25,10,1,25,12,1,1,2
332,5,Match 47,8/26/2017,Group,5,"DOME@NSCI SVP Stadium, Mumbai",6,Patna Pirates,29,Tamil Thalaivas,6,Choice of court :Left,35,24,6.0,Patna Pirates,11,False,18,13,4,0,14,9,0,1,46,14,10,22,1,45,12,12,21,0,21,12,1,27,9,0,2,0
333,5,Match 48,8/26/2017,Group,5,"DOME@NSCI SVP Stadium, Mumbai",5,U Mumba,7,Puneri Paltan,7,Choice of court :Right,24,26,7.0,Puneri Paltan,2,False,13,8,2,1,14,8,2,2,43,10,10,23,0,43,12,9,22,0,20,8,0,19,8,0,1,1
334,5,Match 49,8/27/2017,Group,5,"DOME@NSCI SVP Stadium, Mumbai",4,Bengal Warriors,1,Bengaluru Bulls,4,Choice of court :Left,32,26,4.0,Bengal Warriors,6,False,17,11,2,2,15,10,0,1,43,12,10,21,1,42,13,10,19,1,19,9,2,24,10,0,1,0
335,5,Match 50,8/27/2017,Group,5,"DOME@NSCI SVP Stadium, Mumbai",5,U Mumba,2,Dabang Delhi K.C.,5,Choice of court :Left,32,33,2.0,Dabang Delhi K.C.,1,False,26,5,0,1,19,10,4,0,46,19,10,17,0,45,18,6,21,0,23,5,0,26,10,0,0,2
336,5,Match 51,10/17/2017,Group,7,"Shree Shiv Chhatrapati Sports Complex, Pune",1,Bengaluru Bulls,30,U.P. Yoddha,30,Choice of court :Left,64,24,1.0,Bengaluru Bulls,40,False,37,16,10,1,18,4,0,2,43,31,5,7,1,43,14,15,14,0,25,15,1,35,4,0,5,0
337,5,Match 52,9/20/2017,Group,15,"Harivansh Tana Bhagat Indoor Stadium, Ranchi",5,U Mumba,31,Gujarat Fortunegiants,5,Choice of court :Left,23,45,31.0,Gujarat Fortunegiants,22,False,12,11,0,0,23,13,6,3,44,10,16,18,0,45,16,6,23,1,27,6,5,19,13,0,0,3
338,5,Match 53,8/30/2017,Group,5,"DOME@NSCI SVP Stadium, Mumbai",5,U Mumba,28,Haryana Steelers,5,Choice of court :Left,38,32,5.0,U Mumba,6,False,21,14,2,1,21,7,2,2,47,15,8,24,1,46,14,11,21,0,27,10,4,22,7,0,1,1
339,5,Match 54,8/31/2017,Group,5,"DOME@NSCI SVP Stadium, Mumbai",8,Telugu Titans,29,Tamil Thalaivas,29,Choice of court :Right,33,28,8.0,Telugu Titans,5,False,12,16,2,3,16,8,2,2,50,11,10,29,0,51,15,13,23,0,25,13,3,15,8,0,1,1
340,5,Match 55,8/31/2017,Group,5,"DOME@NSCI SVP Stadium, Mumbai",5,U Mumba,3,Jaipur Pink Panthers,3,Choice of court :Right,36,32,5.0,U Mumba,4,False,25,7,2,2,18,5,4,5,45,19,5,21,0,44,18,6,20,1,24,6,1,20,5,0,1,2
341,5,Match 56,9/1/2017,Group,4,"Netaji Subhash Chandra Bose Indoor Stadium, Kolkata",4,Bengal Warriors,6,Patna Pirates,6,Choice of court :Left,41,38,4.0,Bengal Warriors,3,False,27,9,2,3,23,9,4,2,49,21,10,18,0,49,19,10,20,0,27,8,1,24,8,1,1,2
342,5,Match 57,9/2/2017,Group,4,"Netaji Subhash Chandra Bose Indoor Stadium, Kolkata",31,Gujarat Fortunegiants,28,Haryana Steelers,28,Choice of court :Left,36,42,28.0,Haryana Steelers,6,False,24,8,2,2,25,11,4,2,46,22,10,14,0,46,17,9,20,1,30,8,0,29,9,2,1,2
343,5,Match 58,9/2/2017,Group,4,"Netaji Subhash Chandra Bose Indoor Stadium, Kolkata",4,Bengal Warriors,30,U.P. Yoddha,30,Choice of court :Left,26,26,,Tie,0,True,15,9,2,0,19,5,0,2,44,15,6,23,0,45,13,9,23,1,20,9,0,17,4,1,1,0
344,5,Match 59,9/3/2017,Group,4,"Netaji Subhash Chandra Bose Indoor Stadium, Kolkata",31,Gujarat Fortunegiants,3,Jaipur Pink Panthers,31,Choice of court :Right,25,31,3.0,Jaipur Pink Panthers,6,False,14,9,0,2,12,11,4,4,43,13,14,16,0,43,11,9,23,0,19,7,2,21,11,0,0,2
345,5,Match 60,9/3/2017,Group,4,"Netaji Subhash Chandra Bose Indoor Stadium, Kolkata",4,Bengal Warriors,29,Tamil Thalaivas,4,Choice of court :Right,29,25,4.0,Bengal Warriors,4,False,15,9,2,3,13,10,2,0,47,13,9,25,1,46,12,10,24,0,19,9,0,19,9,1,1,1
346,5,Match 61,9/5/2017,Group,4,"Netaji Subhash Chandra Bose Indoor Stadium, Kolkata",6,Patna Pirates,3,Jaipur Pink Panthers,6,Choice of court :Right,47,21,6.0,Patna Pirates,26,False,30,8,8,1,15,5,0,1,44,21,6,17,2,43,11,9,23,0,17,8,0,34,5,0,4,0
347,5,Match 62,9/5/2017,Group,4,"Netaji Subhash Chandra Bose Indoor Stadium, Kolkata",4,Bengal Warriors,28,Haryana Steelers,28,Choice of court :Left,29,36,28.0,Haryana Steelers,7,False,22,5,2,0,20,8,4,4,44,16,12,16,1,43,14,5,24,1,21,5,0,25,8,0,1,2
348,5,Match 63,9/6/2017,Group,4,"Netaji Subhash Chandra Bose Indoor Stadium, Kolkata",2,Dabang Delhi K.C.,1,Bengaluru Bulls,1,Choice of court :Left,38,30,2.0,Dabang Delhi K.C.,8,False,26,6,4,2,22,5,2,1,45,24,4,17,0,44,20,7,17,0,22,6,0,27,4,1,2,1
349,5,Match 64,9/6/2017,Group,4,"Netaji Subhash Chandra Bose Indoor Stadium, Kolkata",4,Bengal Warriors,5,U Mumba,4,Choice of court :Right,31,37,5.0,U Mumba,6,False,19,5,2,5,22,11,4,0,47,19,10,18,0,47,16,7,24,1,23,5,0,24,10,1,1,2
350,5,Match 65,9/7/2017,Group,4,"Netaji Subhash Chandra Bose Indoor Stadium, Kolkata",8,Telugu Titans,7,Puneri Paltan,7,Choice of court :Left,37,42,7.0,Puneri Paltan,5,False,20,10,4,3,18,15,6,3,44,12,16,16,3,45,17,10,18,0,25,9,1,30,14,1,2,3
351,5,Match 66,9/7/2017,Group,4,"Netaji Subhash Chandra Bose Indoor Stadium, Kolkata",4,Bengal Warriors,2,Dabang Delhi K.C.,2,Choice of court :Left,31,31,,Tie,0,True,18,8,4,1,22,6,2,1,44,17,6,21,0,45,18,8,19,1,24,8,0,20,6,0,2,1
352,5,Match 67,9/8/2017,Group,14,"Motilal Nehru School of Sports, Rai, Sonepat",28,Haryana Steelers,6,Patna Pirates,6,Choice of court :Right,41,41,,Tie,0,True,23,13,4,1,26,11,4,0,49,19,10,20,0,48,19,14,15,2,29,13,0,25,10,1,2,2
353,5,Match 68,9/8/2017,Group,14,"Motilal Nehru School of Sports, Rai, Sonepat",31,Gujarat Fortunegiants,30,U.P. Yoddha,31,Choice of court :Left,30,30,,Tie,0,True,12,11,4,3,15,13,2,0,43,11,12,20,0,44,10,10,24,2,22,10,1,23,12,1,2,1
354,5,Match 69,9/9/2017,Group,14,"Motilal Nehru School of Sports, Rai, Sonepat",6,Patna Pirates,5,U Mumba,6,Choice of court :Left,41,51,5.0,U Mumba,10,False,31,6,2,2,34,10,6,1,46,22,10,14,1,46,27,6,13,0,36,6,0,31,9,1,1,3
355,5,Match 70,9/9/2017,Group,14,"Motilal Nehru School of Sports, Rai, Sonepat",28,Haryana Steelers,1,Bengaluru Bulls,1,Choice of court :Right,38,31,28.0,Haryana Steelers,7,False,24,9,4,1,24,6,0,1,43,16,5,22,3,44,23,9,12,0,26,9,0,26,5,1,2,0
356,5,Match 71,9/10/2017,Group,14,"Motilal Nehru School of Sports, Rai, Sonepat",1,Bengaluru Bulls,7,Puneri Paltan,7,Choice of court :Right,24,20,1.0,Bengaluru Bulls,4,False,6,15,2,1,7,11,0,2,43,5,12,26,0,42,6,14,22,0,20,14,1,15,10,1,1,0
357,5,Match 72,9/10/2017,Group,14,"Motilal Nehru School of Sports, Rai, Sonepat",28,Haryana Steelers,8,Telugu Titans,8,Choice of court :Left,19,37,8.0,Telugu Titans,18,False,12,4,0,3,16,13,4,4,47,11,15,21,0,47,15,5,27,0,18,3,1,22,13,0,0,2
358,5,Match 73,9/12/2017,Group,14,"Motilal Nehru School of Sports, Rai, Sonepat",4,Bengal Warriors,8,Telugu Titans,4,Choice of court :Left,32,31,4.0,Bengal Warriors,1,False,22,5,2,3,17,8,4,2,45,20,10,15,0,44,13,5,26,1,16,3,2,23,8,0,1,2
359,5,Match 74,9/12/2017,Group,14,"Motilal Nehru School of Sports, Rai, Sonepat",28,Haryana Steelers,2,Dabang Delhi K.C.,28,Choice of court :Left,27,24,28.0,Haryana Steelers,3,False,14,10,2,1,13,6,2,3,43,9,8,26,1,43,10,10,23,0,19,9,1,19,6,0,1,1
360,5,Match 75,9/13/2017,Group,14,"Motilal Nehru School of Sports, Rai, Sonepat",29,Tamil Thalaivas,30,U.P. Yoddha,30,Choice of court :Right,34,33,29.0,Tamil Thalaivas,1,False,18,10,4,2,22,9,2,0,47,14,9,24,2,48,15,10,23,1,24,10,0,26,9,0,2,1
361,5,Match 76,9/13/2017,Group,14,"Motilal Nehru School of Sports, Rai, Sonepat",28,Haryana Steelers,7,Puneri Paltan,7,Choice of court :Right,22,38,7.0,Puneri Paltan,16,False,14,8,0,0,22,8,4,4,45,11,10,24,0,46,18,4,24,1,25,4,4,18,8,0,0,2
362,5,Match 77,9/14/2017,Group,14,"Motilal Nehru School of Sports, Rai, Sonepat",28,Haryana Steelers,3,Jaipur Pink Panthers,28,Choice of court :Left,27,27,,Tie,0,True,16,9,2,0,19,6,2,0,48,14,5,29,0,47,14,9,24,1,26,9,0,17,5,1,1,1
363,5,Match 78,9/15/2017,Group,15,"Harivansh Tana Bhagat Indoor Stadium, Ranchi",6,Patna Pirates,8,Telugu Titans,6,Choice of court :Left,46,30,6.0,Patna Pirates,16,False,24,12,8,2,17,8,2,3,45,19,10,16,1,44,13,13,18,0,21,12,0,32,8,0,4,1
364,5,Match 79,9/15/2017,Group,15,"Harivansh Tana Bhagat Indoor Stadium, Ranchi",5,U Mumba,31,Gujarat Fortunegiants,5,Choice of court :Left,28,39,31.0,Gujarat Fortunegiants,11,False,17,7,0,4,21,13,4,1,44,10,11,23,1,44,16,8,20,1,25,6,1,24,11,2,0,2
365,5,Match 80,9/16/2017,Group,15,"Harivansh Tana Bhagat Indoor Stadium, Ranchi",1,Bengaluru Bulls,8,Telugu Titans,1,Choice of court :Left,26,26,,Tie,0,True,15,9,2,0,12,13,0,1,42,13,9,20,0,41,10,9,22,0,14,9,0,20,8,5,1,0
366,5,Match 81,9/16/2017,Group,15,"Harivansh Tana Bhagat Indoor Stadium, Ranchi",6,Patna Pirates,30,U.P. Yoddha,6,Choice of court :Left,45,42,6.0,Patna Pirates,3,False,26,8,6,5,27,8,4,3,45,19,11,15,1,44,20,9,15,1,29,8,0,30,8,0,3,2
367,5,Match 82,9/17/2017,Group,15,"Harivansh Tana Bhagat Indoor Stadium, Ranchi",3,Jaipur Pink Panthers,2,Dabang Delhi K.C.,3,Choice of court :Left,36,25,3.0,Jaipur Pink Panthers,11,False,17,13,4,2,15,9,0,1,45,11,9,25,2,45,14,13,18,0,21,11,2,24,9,0,2,0
368,5,Match 83,9/17/2017,Group,15,"Harivansh Tana Bhagat Indoor Stadium, Ranchi",6,Patna Pirates,4,Bengal Warriors,6,Choice of court :Left,37,37,,Tie,0,True,23,9,4,1,27,7,2,1,44,20,6,18,0,45,24,10,11,0,26,9,0,24,6,1,2,1
369,5,match 84,9/19/2017,Group,15,"Harivansh Tana Bhagat Indoor Stadium, Ranchi",7,Puneri Paltan,28,Haryana Steelers,28,Choice of court :Right,37,25,7.0,Puneri Paltan,12,False,16,17,4,0,16,9,0,0,46,14,8,24,0,45,13,16,16,0,27,16,1,23,8,1,2,0
370,5,Match 85,9/19/2017,League,15,"Harivansh Tana Bhagat Indoor Stadium, Ranchi",6,Patna Pirates,1,Bengaluru Bulls,6,Choice of court :Left,36,32,6.0,Patna Pirates,4,False,22,7,4,3,22,5,2,3,47,19,6,22,0,47,19,9,19,0,24,7,0,23,4,0,2,1
371,5,Match 86,9/20/2017,Group,15,"Harivansh Tana Bhagat Indoor Stadium, Ranchi",6,Patna Pirates,29,Tamil Thalaivas,6,Choice of court :Left,41,39,6.0,Patna Pirates,2,False,26,8,4,3,27,10,2,0,47,18,9,20,1,48,21,10,17,0,25,8,0,28,9,1,2,1
372,5,Match 87,9/21/2017,Group,15,"Harivansh Tana Bhagat Indoor Stadium, Ranchi",3,Jaipur Pink Panthers,28,Haryana Steelers,3,Choice of court :Left,26,30,28.0,Haryana Steelers,4,False,17,8,0,1,13,15,2,0,43,12,13,18,2,43,11,8,24,1,18,8,0,26,13,2,0,1
373,5,Match 88,9/21/2017,Group,15,"Harivansh Tana Bhagat Indoor Stadium, Ranchi",6,Patna Pirates,30,U.P. Yoddha,30,Choice of court :Right,41,46,30.0,U.P. Yoddha,5,False,30,6,2,3,32,8,4,2,44,19,9,16,3,45,24,5,16,2,30,4,2,27,8,0,1,2
374,5,Match 89,9/22/2017,Group,2,"Thyagaraj Sports Complex, Delhi",2,Dabang Delhi K.C.,5,U Mumba,5,Choice of court :Left,28,30,5.0,U Mumba,2,False,15,8,2,3,17,8,2,3,44,12,9,23,1,44,16,8,20,0,23,8,0,19,8,0,1,1
375,5,Match 90,9/23/2017,Group,2,"Thyagaraj Sports Complex, Delhi",1,Bengaluru Bulls,4,Bengal Warriors,4,Choice of court :Left,29,33,4.0,Bengal Warriors,4,False,15,11,2,1,18,12,2,1,44,12,12,20,0,44,14,10,20,1,22,10,1,26,12,0,1,1
376,5,Match 91,9/23/2017,Group,2,"Thyagaraj Sports Complex, Delhi",2,Dabang Delhi K.C.,7,Puneri Paltan,7,Choice of court :Left,29,34,7.0,Puneri Paltan,5,False,17,8,2,2,19,11,4,0,43,14,9,20,0,43,13,9,21,1,24,8,0,22,9,2,1,2
377,5,Match 92,9/24/2017,Group,2,"Thyagaraj Sports Complex, Delhi",4,Bengal Warriors,29,Tamil Thalaivas,29,Choice of court :Left,32,33,29.0,Tamil Thalaivas,1,False,21,7,2,2,14,15,2,2,46,15,13,18,1,46,13,7,26,0,19,6,1,27,12,3,1,1
378,5,Match 93,9/24/2017,Group,2,"Thyagaraj Sports Complex, Delhi",2,Dabang Delhi K.C.,28,Haryana Steelers,2,Choice of court :Right,24,42,28.0,Haryana Steelers,18,False,13,9,0,2,15,18,6,3,44,10,19,15,0,44,14,8,22,0,22,7,2,23,17,1,0,3
379,5,Match 94,9/26/2017,Group,2,"Thyagaraj Sports Complex, Delhi",31,Gujarat Fortunegiants,29,Tamil Thalaivas,31,Choice of court :Right,34,35,29.0,Tamil Thalaivas,1,False,20,9,4,1,25,8,2,0,45,18,8,19,0,45,20,9,16,1,29,9,0,25,8,0,2,1
380,5,Match 95,9/26/2017,Group,2,"Thyagaraj Sports Complex, Delhi",2,Dabang Delhi K.C.,6,Patna Pirates,6,Choice of court :Left,34,36,6.0,Patna Pirates,2,False,15,12,4,3,19,11,4,2,45,14,10,21,0,45,14,10,21,1,22,9,3,24,10,1,2,2
381,5,Match 96,9/27/2017,Group,2,"Thyagaraj Sports Complex, Delhi",8,Telugu Titans,3,Jaipur Pink Panthers,3,Choice of court :Right,41,34,8.0,Telugu Titans,7,False,27,11,2,1,25,3,2,4,45,25,4,16,0,45,19,11,15,0,34,11,0,23,3,0,1,1
382,5,Match 97,9/27/2017,Group,2,"Thyagaraj Sports Complex, Delhi",2,Dabang Delhi K.C.,30,U.P. Yoddha,2,Choice of court :Right,16,45,30.0,U.P. Yoddha,29,False,11,5,0,0,25,13,6,1,42,9,14,19,0,43,18,5,20,1,25,5,0,22,13,0,0,3
383,5,Match 98,9/28/2017,Group,2,"Thyagaraj Sports Complex, Delhi",1,Bengaluru Bulls,5,U Mumba,1,Choice of court :Right,30,42,5.0,U Mumba,12,False,20,6,0,4,23,13,4,2,43,17,13,13,0,42,17,7,18,2,24,6,0,24,12,1,0,2
384,5,Match 99,9/28/2017,Group,2,"Thyagaraj Sports Complex, Delhi",2,Dabang Delhi K.C.,8,Telugu Titans,2,Choice of court :Left,22,44,8.0,Telugu Titans,22,False,13,9,0,0,26,12,6,0,46,9,12,25,0,47,20,9,18,1,30,9,0,18,12,0,0,3
385,5,Match 100,9/29/2017,Group,16,"Jawaharlal Nehru Indoor Stadium, Chennai",29,Tamil Thalaivas,7,Puneri Paltan,29,Choice of court :Left,20,33,7.0,Puneri Paltan,13,False,10,9,0,1,12,13,4,4,43,8,13,22,0,44,11,7,26,1,19,7,2,19,11,1,0,2
386,5,Match 101,9/29/2017,Group,16,"Jawaharlal Nehru Indoor Stadium, Chennai",31,Gujarat Fortunegiants,6,Patna Pirates,6,Choice of court :Right,30,29,31.0,Gujarat Fortunegiants,1,False,13,14,2,1,13,13,0,3,47,10,12,25,1,47,10,13,24,0,22,13,1,20,9,4,1,0
387,5,Match 102,9/30/2017,Group,16,"Jawaharlal Nehru Indoor Stadium, Chennai",7,Puneri Paltan,30,U.P. Yoddha,7,Choice of court :Left,34,33,7.0,Puneri Paltan,1,False,21,9,4,0,20,10,2,1,40,11,9,20,3,40,16,9,15,1,24,9,0,28,9,1,2,1
388,5,Match 103,9/30/2017,Group,16,"Jawaharlal Nehru Indoor Stadium, Chennai",29,Tamil Thalaivas,3,Jaipur Pink Panthers,3,Choice of court :Right,26,27,3.0,Jaipur Pink Panthers,1,False,15,8,0,3,15,8,2,2,46,13,9,24,0,46,14,8,24,0,20,6,2,17,8,0,0,1
389,5,Match 104,10/01/2017,Group,16,"Jawaharlal Nehru Indoor Stadium, Chennai",3,Jaipur Pink Panthers,4,Bengal Warriors,4,Choice of court :Right,31,32,4.0,Bengal Warriors,1,False,22,7,2,0,22,7,2,1,47,16,7,24,1,47,18,7,22,0,23,7,0,22,7,0,1,1
390,5,Match 105,10/01/2017,Group,16,"Jawaharlal Nehru Indoor Stadium, Chennai",29,Tamil Thalaivas,5,U Mumba,5,Choice of court :Right,30,33,5.0,U Mumba,3,False,19,7,2,2,20,9,2,2,46,15,7,24,0,46,16,7,23,0,22,7,0,24,7,2,1,1
391,5,Match 106,10/03/2017,Group,16,"Jawaharlal Nehru Indoor Stadium, Chennai",2,Dabang Delhi K.C.,31,Gujarat Fortunegiants,2,Choice of court :Left,22,42,31.0,Gujarat Fortunegiants,20,False,16,4,0,2,25,8,6,3,43,11,11,21,0,42,23,4,15,0,27,4,0,18,8,0,0,3
392,5,Match 107,10/03/2017,Group,16,"Jawaharlal Nehru Indoor Stadium, Chennai",29,Tamil Thalaivas,8,Telugu Titans,29,Choice of court :Left,37,58,8.0,Telugu Titans,21,False,28,3,2,4,36,11,8,3,48,23,12,13,1,49,27,4,18,2,31,3,0,28,10,1,1,4
393,5,Match 108,10/04/2017,Group,16,"Jawaharlal Nehru Indoor Stadium, Chennai",5,U Mumba,28,Haryana Steelers,5,Choice of court :Left,30,41,28.0,Haryana Steelers,11,False,23,3,0,4,24,11,4,2,45,16,13,16,1,45,20,4,21,0,24,3,0,26,11,0,0,2
394,5,Match 109,10/04/2017,Group,16,"Jawaharlal Nehru Indoor Stadium, Chennai",29,Tamil Thalaivas,30,U.P. Yoddha,30,Choice of court :Right,33,37,30.0,U.P. Yoddha,4,False,25,7,0,1,25,6,2,4,47,22,7,18,0,47,19,8,20,1,26,7,0,24,5,1,0,1
395,5,Match 110,10/05/2017,Group,16,"Jawaharlal Nehru Indoor Stadium, Chennai",29,Tamil Thalaivas,1,Bengaluru Bulls,29,Choice of court :Right,35,45,1.0,Bengaluru Bulls,10,False,24,7,2,2,24,12,6,3,46,21,13,12,0,47,21,7,19,0,26,6,1,29,11,0,1,3
396,5,Match 111,10/06/2017,Group,3,"Sawai Mansingh Stadium, Jaipur",3,Jaipur Pink Panthers,31,Gujarat Fortunegiants,3,Choice of court :Left,23,29,31.0,Gujarat Fortunegiants,6,False,11,8,0,4,15,11,2,1,45,10,12,23,0,46,14,8,24,0,19,6,2,21,11,0,0,1
397,5,Match 112,10/06/2017,Group,3,"Sawai Mansingh Stadium, Jaipur",7,Puneri Paltan,4,Bengal Warriors,4,Choice of court :Right,19,25,4.0,Bengal Warriors,6,False,8,10,0,1,9,13,2,1,44,8,13,23,0,44,7,11,26,0,18,10,0,18,12,1,0,1
398,5,Match 113,10/07/2017,Group,3,"Sawai Mansingh Stadium, Jaipur",28,Haryana Steelers,8,Telugu Titans,8,Choice of court :Right,32,30,28.0,Haryana Steelers,2,False,25,1,2,4,22,5,2,1,46,22,5,19,1,46,21,4,21,0,19,1,0,25,5,0,1,1
399,5,Match 114,10/07/2017,Group,3,"Sawai Mansingh Stadium, Jaipur",3,Jaipur Pink Panthers,5,U Mumba,5,Choice of court :Right,36,32,3.0,Jaipur Pink Panthers,4,False,18,12,4,2,14,11,2,5,43,15,14,14,0,44,14,12,18,0,22,12,0,27,11,0,2,1
400,5,Match 115,10/08/2017,Group,3,"Sawai Mansingh Stadium, Jaipur",31,Gujarat Fortunegiants,6,Patna Pirates,31,Choice of court :Left,33,29,31.0,Gujarat Fortunegiants,4,False,13,15,2,3,16,10,2,1,43,10,10,23,1,43,11,14,18,0,24,14,1,18,9,1,1,1
401,5,Match 116,10/08/2017,Group,3,"Sawai Mansingh Stadium, Jaipur",3,Jaipur Pink Panthers,7,Puneri Paltan,7,Choice of court :Right,30,38,7.0,Puneri Paltan,8,False,17,7,2,4,14,18,4,2,43,16,16,11,0,44,15,7,22,0,17,5,2,29,16,2,1,2
402,5,Match 117,10/10/2017,Group,3,"Sawai Mansingh Stadium, Jaipur",5,U Mumba,29,Tamil Thalaivas,29,Choice of court :Right,35,38,29.0,Tamil Thalaivas,3,False,20,11,2,2,21,12,2,3,46,16,12,18,1,47,19,10,18,0,25,9,2,24,12,0,1,1
403,5,Match 118,10/10/2017,Group,3,"Sawai Mansingh Stadium, Jaipur",3,Jaipur Pink Panthers,2,Dabang Delhi K.C.,3,Choice of court :Left,34,35,2.0,Dabang Delhi K.C.,1,False,19,9,2,4,17,11,2,5,46,12,11,23,2,46,13,8,25,0,22,7,1,24,7,2,1,1
404,5,Match 119,10/11/2017,Group,3,"Sawai Mansingh Stadium, Jaipur",2,Dabang Delhi K.C.,1,Bengaluru Bulls,1,Choice of court :Right,32,35,1.0,Bengaluru Bulls,3,False,18,6,2,6,23,7,2,3,43,15,8,20,1,44,20,6,18,0,24,6,0,20,6,1,1,1
405,5,Match 120,10/11/2017,Group,3,"Sawai Mansingh Stadium, Jaipur",3,Jaipur Pink Panthers,28,Haryana Steelers,3,Choice of court :Left,27,37,28.0,Haryana Steelers,10,False,15,7,0,5,19,13,4,1,46,14,12,20,0,46,16,9,21,1,26,7,0,21,12,1,0,2
406,5,Match 121,10/12/2017,Group,3,"Sawai Mansingh Stadium, Jaipur",3,Jaipur Pink Panthers,30,U.P. Yoddha,3,Choice of court :Left,32,53,30.0,U.P. Yoddha,21,False,25,5,0,2,32,9,6,6,44,20,11,13,0,43,23,7,13,3,31,5,0,30,9,0,0,3
407,5,Match 122,10/13/2017,Group,7,"Shree Shiv Chhatrapati Sports Complex, Pune",7,Puneri Paltan,31,Gujarat Fortunegiants,7,Choice of court :Right,20,44,31.0,Gujarat Fortunegiants,24,False,11,5,0,4,22,15,6,1,42,9,15,18,0,43,16,5,22,2,23,3,1,24,15,0,0,3
408,5,Match 123,10/13/2017,Group,7,"Shree Shiv Chhatrapati Sports Complex, Pune",4,Bengal Warriors,29,Tamil Thalaivas,4,Choice of court :Right,34,30,4.0,Bengal Warriors,4,False,20,10,4,0,25,5,0,0,46,16,5,25,1,47,18,10,19,1,26,10,0,22,5,0,2,0
409,5,Match 124,10/14/2017,Group,7,"Shree Shiv Chhatrapati Sports Complex, Pune",29,Tamil Thalaivas,6,Patna Pirates,6,Choice of court :Left,40,37,29.0,Tamil Thalaivas,3,False,25,11,4,0,29,6,2,0,46,19,5,22,0,46,20,11,15,0,28,11,0,26,5,1,2,1
410,5,Match 125,10/14/2017,Group,7,"Shree Shiv Chhatrapati Sports Complex, Pune",7,Puneri Paltan,5,U Mumba,7,Choice of court :Right,43,24,7.0,Puneri Paltan,19,False,23,13,6,1,17,6,0,1,41,18,7,16,0,41,14,12,15,0,25,12,1,27,6,0,3,0
411,5,Match 126,10/15/2017,Group,7,"Shree Shiv Chhatrapati Sports Complex, Pune",1,Bengaluru Bulls,30,U.P. Yoddha,30,Choice of court :Left,38,32,1.0,Bengaluru Bulls,6,False,17,15,4,2,19,8,2,3,44,18,9,17,0,44,15,13,16,0,27,13,2,18,7,1,2,1
412,5,Match 127,10/15/2017,Group,7,"Shree Shiv Chhatrapati Sports Complex, Pune",7,Puneri Paltan,2,Dabang Delhi K.C.,2,Choice of court :Left,34,31,7.0,Puneri Paltan,3,False,23,6,2,3,19,9,2,1,45,13,10,22,2,45,16,7,22,0,20,5,1,27,9,0,1,1
413,5,Match 128,10/17/2017,Group,7,"Shree Shiv Chhatrapati Sports Complex, Pune",7,Puneri Paltan,28,Haryana Steelers,28,Choice of court :Left,27,31,28.0,Haryana Steelers,4,False,16,9,0,2,13,12,2,4,43,11,13,19,1,43,12,8,23,1,18,7,2,24,12,0,0,1
414,5,Match 129,10/18/2017,Group,7,"Shree Shiv Chhatrapati Sports Complex, Pune",6,Patna Pirates,1,Bengaluru Bulls,6,Choice of court :Right,29,29,,Tie,0,True,19,10,0,0,18,9,2,0,43,15,9,19,0,42,14,8,20,0,23,8,2,25,9,0,0,1
415,5,Match 130,10/18/2017,Group,7,"Shree Shiv Chhatrapati Sports Complex, Pune",7,Puneri Paltan,3,Jaipur Pink Panthers,3,Choice of court :Left,38,15,7.0,Puneri Paltan,23,False,15,18,4,1,8,7,0,0,45,13,7,25,0,46,7,18,21,0,25,18,0,20,7,0,2,0
416,5,Match 131,10/20/2017,Group,7,"Shree Shiv Chhatrapati Sports Complex, Pune",8,Telugu Titans,4,Bengal Warriors,8,Choice of court :Right,37,37,,Tie,0,True,21,11,4,1,20,8,4,5,46,19,10,17,0,46,17,10,19,0,25,10,1,22,8,0,2,2
417,5,Match 132,10/20/2017,Group,7,"Shree Shiv Chhatrapati Sports Complex, Pune",7,Puneri Paltan,31,Gujarat Fortunegiants,7,Choice of court :Right,22,23,31.0,Gujarat Fortunegiants,1,False,8,11,0,3,13,9,0,1,43,8,9,26,0,43,12,11,20,0,23,11,0,14,8,1,0,0
418,5,Eliminator 1,10/23/2017,Playoffs,5,"DOME@NSCI SVP Stadium, Mumbai",7,Puneri Paltan,30,U.P. Yoddha,30,Choice of court :Left,40,38,7.0,Puneri Paltan,2,False,18,17,4,1,23,8,4,3,42,15,10,17,0,43,16,16,11,1,33,15,2,22,8,0,2,2
419,5,Eliminator 2,10/23/2017,Playoffs,5,"DOME@NSCI SVP Stadium, Mumbai",6,Patna Pirates,28,Haryana Steelers,28,Choice of court :Left,69,30,6.0,Patna Pirates,39,False,44,14,10,1,25,3,0,2,46,31,3,12,3,46,19,14,13,0,29,14,0,42,3,0,5,0
420,5,Qualifier 1,10/24/2017,Playoffs,5,"DOME@NSCI SVP Stadium, Mumbai",31,Gujarat Fortunegiants,4,Bengal Warriors,31,Choice of court :Right,42,17,31.0,Gujarat Fortunegiants,25,False,21,14,6,1,8,7,0,2,47,18,6,23,0,47,8,15,24,0,20,14,0,23,5,2,3,0
421,5,Eliminator 3,10/24/2017,Playoffs,5,"DOME@NSCI SVP Stadium, Mumbai",7,Puneri Paltan,6,Patna Pirates,6,Choice of court :Left,32,42,6.0,Patna Pirates,10,False,15,11,2,4,23,9,6,4,42,14,9,19,0,42,17,11,14,1,33,11,0,18,7,1,1,3
422,5,Qualifier 2,10/26/2017,Playoffs,16,"Jawaharlal Nehru Indoor Stadium, Chennai",4,Bengal Warriors,6,Patna Pirates,6,Choice of court :Right,44,47,6.0,Patna Pirates,3,False,33,6,2,3,28,10,6,3,48,25,11,12,2,49,24,6,19,1,30,6,0,28,10,0,1,3
423,5,Final,10/28/2017,Final,16,"Jawaharlal Nehru Indoor Stadium, Chennai",31,Gujarat Fortunegiants,6,Patna Pirates,31,Choice of court :Left,38,55,6.0,Patna Pirates,17,False,27,5,2,4,32,13,8,2,45,20,13,12,1,45,23,6,16,3,29,5,0,30,12,1,1,4
625,6,Match 1,10/7/2018,League,1016,"JAWAHARLAL NEHRU INDOOR STADIUM, Chennai",29,Tamil Thalaivas,6,Patna Pirates,6,court,42,26,29.0,Tamil Thalaivas,16,False,24,11,6,1,21,2,2,1,40,19,2,19,1,40,18,10,12,0,28,9,1,23,2,0,3,1
626,6,League,10/7/2018,League,1016,"JAWAHARLAL NEHRU INDOOR STADIUM, Chennai",7,Puneri Paltan,5,U Mumba,7,court,32,32,,Tie,0,True,21,11,0,0,20,9,2,1,44,16,10,18,0,43,16,10,17,1,28,10,1,24,9,0,0,1
627,6,League,10/8/2018,League,1016,"JAWAHARLAL NEHRU INDOOR STADIUM, Chennai",7,Puneri Paltan,28,Haryana Steelers,7,court,34,22,7.0,Puneri Paltan,12,False,16,9,4,5,11,9,0,2,42,13,10,19,0,42,11,11,20,0,17,9,0,22,9,1,2,0
628,6,League,10/8/2018,League,1016,"JAWAHARLAL NEHRU INDOOR STADIUM, Chennai",29,Tamil Thalaivas,30,U.P. Yoddha,30,court,32,37,30.0,U.P. Yoddha,5,False,22,5,4,1,18,10,4,5,44,18,11,15,0,42,17,5,20,0,18,5,0,24,10,0,2,2
629,6,League,10/9/2018,League,1016,"JAWAHARLAL NEHRU INDOOR STADIUM, Chennai",2,Dabang Delhi K.C.,31,Gujarat Giants,2,court,32,32,,Tie,0,True,19,10,2,1,17,11,2,2,45,16,11,18,0,44,14,11,19,0,22,10,0,23,9,2,1,1
630,6,League,10/9/2018,League,1016,"JAWAHARLAL NEHRU INDOOR STADIUM, Chennai",29,Tamil Thalaivas,8,Telugu Titans,8,court,28,33,8.0,Telugu Titans,5,False,16,11,0,1,16,14,2,1,44,15,14,15,0,43,16,10,17,0,24,10,1,26,14,0,0,1
631,6,League,10/10/2018,League,1016,"JAWAHARLAL NEHRU INDOOR STADIUM, Chennai",5,U Mumba,3,Jaipur Pink Panthers,3,court,39,32,5.0,U Mumba,7,False,22,10,4,3,14,10,2,6,43,17,10,16,0,43,11,11,21,1,20,9,1,25,9,2,2,1
633,6,League,11/11/2018,League,3,"DOME,NSCI,SVP STADIUM,MUMBAI, Mumbai",3,Jaipur Pink Panthers,2,Dabang Delhi K.C.,2,court,29,40,2.0,Dabang Delhi K.C.,11,False,22,7,0,0,27,8,4,1,42,20,7,15,0,43,19,7,17,1,29,7,0,20,6,2,0,2
634,6,League,10/11/2018,League,1016,"JAWAHARLAL NEHRU INDOOR STADIUM, Chennai",29,Tamil Thalaivas,4,Bengal Warriors,4,court,27,36,4.0,Bengal Warriors,9,False,18,8,0,1,18,10,4,4,40,16,11,13,0,41,15,6,20,1,23,6,2,22,10,0,0,2
635,6,League,11/26/2018,League,10,"Kanteerava Indoor Stadium, Bengaluru",1,Bengaluru Bulls,30,U.P. Yoddha,1,court,37,27,1.0,Bengaluru Bulls,10,False,20,13,4,0,14,12,0,1,41,15,13,13,0,40,11,12,17,0,17,12,1,28,12,0,2,0
636,6,League,10/12/2018,League,1020,"MOTILAL NEHRU SCHOOL OF SPORTS, Sonepat",28,Haryana Steelers,31,Gujarat Giants,28,court,32,25,28.0,Haryana Steelers,7,False,13,14,2,3,16,9,0,0,44,13,9,22,0,44,13,17,14,0,25,14,0,21,9,0,1,0
637,6,League,10/14/2018,League,1020,"MOTILAL NEHRU SCHOOL OF SPORTS, Sonepat",6,Patna Pirates,30,U.P. Yoddha,6,court,43,37,6.0,Patna Pirates,6,False,29,8,4,2,28,6,2,1,43,24,6,13,2,44,21,6,17,3,26,6,2,28,6,0,2,1
638,6,League,10/12/2018,League,1020,"MOTILAL NEHRU SCHOOL OF SPORTS, Sonepat",7,Puneri Paltan,2,Dabang Delhi K.C.,7,court,37,41,2.0,Dabang Delhi K.C.,4,False,24,9,2,2,23,10,4,4,45,20,11,14,0,45,19,10,16,0,25,8,1,24,10,0,1,2
639,6,League,10/13/2018,League,1020,"MOTILAL NEHRU SCHOOL OF SPORTS, Sonepat",28,Haryana Steelers,5,U Mumba,28,court,26,53,5.0,U Mumba,27,False,19,5,0,2,29,15,8,1,45,16,16,13,0,45,23,4,18,1,28,4,1,22,15,0,0,4
640,6,League,10/13/2018,League,1020,"MOTILAL NEHRU SCHOOL OF SPORTS, Sonepat",8,Telugu Titans,30,U.P. Yoddha,8,court,34,29,8.0,Telugu Titans,5,False,17,15,0,2,16,11,0,2,45,13,12,20,1,44,15,14,15,0,23,14,1,19,10,1,0,0
641,6,League,10/14/2018,League,1020,"MOTILAL NEHRU SCHOOL OF SPORTS, Sonepat",28,Haryana Steelers,7,Puneri Paltan,28,court,27,45,7.0,Puneri Paltan,18,False,21,4,0,2,20,16,6,3,46,15,17,14,1,46,19,4,23,0,21,4,0,28,16,0,0,3
642,6,League,10/16/2018,League,1020,"MOTILAL NEHRU SCHOOL OF SPORTS, Sonepat",4,Bengal Warriors,8,Telugu Titans,8,court,30,25,4.0,Bengal Warriors,5,False,16,7,2,5,10,13,0,2,42,12,10,20,0,42,11,11,20,0,11,7,1,20,10,3,1,0
643,6,League,10/16/2018,League,1020,"MOTILAL NEHRU SCHOOL OF SPORTS, Sonepat",28,Haryana Steelers,3,Jaipur Pink Panthers,3,court,33,36,3.0,Jaipur Pink Panthers,3,False,22,7,0,4,22,11,2,1,40,17,9,14,1,41,16,6,19,1,26,6,1,24,8,3,0,1
644,6,League,10/17/2018,League,1020,"MOTILAL NEHRU SCHOOL OF SPORTS, Sonepat",1,Bengaluru Bulls,29,Tamil Thalaivas,29,court,44,35,1.0,Bengaluru Bulls,9,False,26,12,4,2,22,10,2,1,44,16,8,20,2,43,20,14,9,0,28,12,0,25,7,3,2,1
645,6,League,10/17/2018,League,1020,"MOTILAL NEHRU SCHOOL OF SPORTS, Sonepat",28,Haryana Steelers,5,U Mumba,28,court,32,42,5.0,U Mumba,10,False,22,9,0,1,27,11,4,0,44,16,10,18,2,45,21,7,17,1,30,7,2,26,10,1,0,2
646,6,League,10/18/2018,League,1020,"MOTILAL NEHRU SCHOOL OF SPORTS, Sonepat",28,Haryana Steelers,2,Dabang Delhi K.C.,2,court,34,31,28.0,Haryana Steelers,3,False,19,12,2,1,21,10,0,0,43,14,7,22,2,43,15,12,16,0,25,11,1,21,7,3,1,0
647,6,League,10/18/2018,League,1021,"SHREE SHIV CHHATRAPATI SPORTS COMPLEX, Pune",7,Puneri Paltan,31,Gujarat Giants,7,court,28,34,31.0,Gujarat Giants,6,False,17,7,0,4,18,11,2,3,46,13,11,22,1,45,16,7,22,1,20,5,3,23,10,1,0,1
648,6,League,10/19/2018,League,1021,"SHREE SHIV CHHATRAPATI SPORTS COMPLEX, Pune",6,Patna Pirates,8,Telugu Titans,8,court,31,35,8.0,Telugu Titans,4,False,19,8,2,2,15,15,2,3,45,15,13,17,0,45,14,9,22,0,19,8,0,26,13,2,1,1
649,6,League,10/19/2018,League,1021,"SHREE SHIV CHHATRAPATI SPORTS COMPLEX, Pune",7,Puneri Paltan,3,Jaipur Pink Panthers,7,court,29,25,7.0,Puneri Paltan,4,False,9,18,0,2,9,14,2,0,47,6,13,28,0,47,9,14,24,0,21,12,6,18,13,1,0,1
650,6,League,10/20/2018,League,1021,"SHREE SHIV CHHATRAPATI SPORTS COMPLEX, Pune",30,U.P. Yoddha,4,Bengal Warriors,30,court,40,40,,Tie,0,True,25,8,2,5,25,12,2,1,44,21,12,11,1,42,20,9,13,0,25,8,0,26,12,0,1,1
651,6,League,10/20/2018,League,1021,"SHREE SHIV CHHATRAPATI SPORTS COMPLEX, Pune",7,Puneri Paltan,5,U Mumba,5,court,33,32,7.0,Puneri Paltan,1,False,19,8,2,4,21,8,2,1,44,17,7,20,1,44,17,8,19,1,23,6,3,19,7,1,1,1
652,6,League,10/21/2018,League,1021,"SHREE SHIV CHHATRAPATI SPORTS COMPLEX, Pune",2,Dabang Delhi K.C.,4,Bengal Warriors,2,court,39,30,2.0,Dabang Delhi K.C.,9,False,18,10,4,7,25,2,0,3,43,17,3,23,0,43,15,12,16,0,27,10,1,17,2,0,2,0
653,6,League,10/21/2018,League,1021,"SHREE SHIV CHHATRAPATI SPORTS COMPLEX, Pune",7,Puneri Paltan,1,Bengaluru Bulls,1,court,27,25,7.0,Puneri Paltan,2,False,12,10,0,5,13,10,2,0,40,12,8,20,0,41,13,10,18,0,21,9,1,14,8,2,0,1
654,6,League,10/23/2018,League,1021,"SHREE SHIV CHHATRAPATI SPORTS COMPLEX, Pune",5,U Mumba,8,Telugu Titans,5,court,41,20,5.0,U Mumba,21,False,22,12,6,1,13,6,0,1,41,18,5,18,1,41,13,13,15,0,20,12,0,24,5,1,3,0
655,6,League,10/23/2018,League,1021,"SHREE SHIV CHHATRAPATI SPORTS COMPLEX, Pune",7,Puneri Paltan,29,Tamil Thalaivas,7,court,31,36,29.0,Tamil Thalaivas,5,False,21,7,0,3,23,9,4,0,41,19,9,13,0,43,18,7,18,0,26,6,1,20,9,0,0,2
656,6,League,10/24/2018,League,1021,"SHREE SHIV CHHATRAPATI SPORTS COMPLEX, Pune",1,Bengaluru Bulls,28,Haryana Steelers,28,court,42,34,1.0,Bengaluru Bulls,8,False,29,7,4,2,28,4,0,2,40,24,4,12,2,41,22,7,12,0,21,7,0,32,4,0,2,0
657,6,League,10/24/2018,League,1021,"SHREE SHIV CHHATRAPATI SPORTS COMPLEX, Pune",7,Puneri Paltan,30,U.P. Yoddha,7,court,23,29,30.0,U.P. Yoddha,6,False,14,5,0,4,18,9,0,2,43,14,9,20,0,43,17,5,21,0,19,5,0,21,8,2,0,0
658,6,League,10/26/2018,League,5,"Patliputra Indoor Stadium, Patna",6,Patna Pirates,3,Jaipur Pink Panthers,3,court,41,30,6.0,Patna Pirates,11,False,22,14,4,1,22,8,0,0,39,18,7,14,3,40,17,13,10,2,29,13,1,28,7,1,2,0
659,6,League,10/26/2018,League,5,"Patliputra Indoor Stadium, Patna",31,Gujarat Giants,29,Tamil Thalaivas,29,court,36,25,31.0,Gujarat Giants,11,False,21,13,2,0,18,7,0,0,39,17,7,15,0,37,15,13,9,0,27,13,0,21,7,0,1,0
660,6,League,10/27/2018,League,5,"Patliputra Indoor Stadium, Patna",3,Jaipur Pink Panthers,4,Bengal Warriors,4,court,28,39,4.0,Bengal Warriors,11,False,20,7,0,1,22,12,4,1,37,17,10,10,0,37,16,7,14,2,26,6,1,25,10,2,0,2
661,6,League,10/27/2018,League,5,"Patliputra Indoor Stadium, Patna",6,Patna Pirates,5,U Mumba,5,court,39,40,5.0,U Mumba,1,False,23,7,4,5,26,12,0,2,44,19,10,15,1,43,22,9,12,0,24,7,1,32,10,2,2,0
662,6,League,10/28/2018,League,5,"Patliputra Indoor Stadium, Patna",2,Dabang Delhi K.C.,30,U.P. Yoddha,30,court,36,38,30.0,U.P. Yoddha,2,False,24,8,2,2,25,9,4,0,39,23,7,9,0,39,17,8,14,1,28,8,0,19,7,2,1,2
663,6,League,10/28/2018,League,5,"Patliputra Indoor Stadium, Patna",6,Patna Pirates,28,Haryana Steelers,28,court,32,43,28.0,Haryana Steelers,11,False,23,8,0,1,21,15,4,3,43,20,12,11,0,44,17,8,19,1,24,8,0,30,12,3,0,2
664,6,League,10/30/2018,League,5,"Patliputra Indoor Stadium, Patna",7,Puneri Paltan,31,Gujarat Giants,7,court,27,37,31.0,Gujarat Giants,10,False,13,13,0,1,18,12,4,3,40,12,13,15,0,40,13,10,17,2,27,10,3,23,12,0,0,2
665,6,League,10/30/2018,League,5,"Patliputra Indoor Stadium, Patna",6,Patna Pirates,8,Telugu Titans,8,court,32,53,8.0,Telugu Titans,21,False,24,6,0,2,26,18,6,3,46,17,18,11,0,45,21,6,18,2,25,6,0,30,16,3,0,3
666,6,League,10/31/2018,League,5,"Patliputra Indoor Stadium, Patna",2,Dabang Delhi K.C.,7,Puneri Paltan,7,court,27,31,7.0,Puneri Paltan,4,False,11,9,2,5,13,12,2,4,38,7,16,15,1,38,8,10,20,1,17,9,0,22,12,0,1,1
667,6,League,10/31/2018,League,5,"Patliputra Indoor Stadium, Patna",6,Patna Pirates,1,Bengaluru Bulls,1,court,41,43,1.0,Bengaluru Bulls,2,False,22,13,4,2,29,10,2,2,41,19,10,12,1,42,19,12,11,3,29,11,2,24,9,2,2,1
668,6,League,11/1/2018,League,5,"Patliputra Indoor Stadium, Patna",6,Patna Pirates,4,Bengal Warriors,4,court,29,27,6.0,Patna Pirates,2,False,16,10,2,1,18,7,0,2,42,17,7,18,0,41,18,10,13,0,23,10,0,19,7,0,1,0
669,6,League,11/2/2018,League,1022,"Shaheed Vijay Singh Pathik Sports Complex, Greater Noida",30,U.P. Yoddha,29,Tamil Thalaivas,29,court,24,46,29.0,Tamil Thalaivas,22,False,14,9,0,1,19,19,6,2,42,10,19,13,0,42,16,7,19,1,25,7,2,28,19,0,0,3
670,6,League,11/2/2018,League,1022,"Shaheed Vijay Singh Pathik Sports Complex, Greater Noida",3,Jaipur Pink Panthers,31,Gujarat Giants,31,court,25,36,31.0,Gujarat Giants,11,False,10,11,0,4,14,15,4,3,44,8,15,21,0,44,12,10,22,0,20,8,3,19,13,2,0,2
671,6,League,11/3/2018,League,1022,"Shaheed Vijay Singh Pathik Sports Complex, Greater Noida",5,U Mumba,7,Puneri Paltan,5,court,31,22,5.0,U Mumba,9,False,11,14,4,2,7,12,0,3,40,9,8,23,0,39,7,14,18,0,18,14,0,18,7,5,2,0
672,6,League,11/3/2018,League,1022,"Shaheed Vijay Singh Pathik Sports Complex, Greater Noida",30,U.P. Yoddha,1,Bengaluru Bulls,30,court,29,35,1.0,Bengaluru Bulls,6,False,12,12,2,3,20,12,2,1,41,13,10,18,0,40,14,12,14,1,25,11,1,19,10,2,1,1
673,6,League,11/4/2018,League,1022,"Shaheed Vijay Singh Pathik Sports Complex, Greater Noida",2,Dabang Delhi K.C.,31,Gujarat Giants,2,court,38,45,31.0,Gujarat Giants,7,False,26,6,4,2,25,12,4,4,44,22,11,11,0,43,19,7,17,1,23,6,0,32,10,3,2,2
674,6,League,11/4/2018,League,1022,"Shaheed Vijay Singh Pathik Sports Complex, Greater Noida",30,U.P. Yoddha,4,Bengal Warriors,30,court,30,30,,Tie,0,True,19,8,2,1,19,7,2,2,41,14,7,20,0,41,16,9,16,1,22,8,0,24,7,0,1,1
675,6,League,11/6/2018,League,1022,"Shaheed Vijay Singh Pathik Sports Complex, Greater Noida",3,Jaipur Pink Panthers,28,Haryana Steelers,28,court,38,32,3.0,Jaipur Pink Panthers,6,False,21,12,4,1,22,7,2,1,39,19,7,13,0,41,15,12,14,1,24,12,0,21,7,0,2,1
676,6,League,11/6/2018,League,1022,"Shaheed Vijay Singh Pathik Sports Complex, Greater Noida",30,U.P. Yoddha,8,Telugu Titans,8,court,26,26,,Tie,0,True,11,13,2,0,13,11,2,0,44,9,9,26,0,44,10,13,21,0,23,13,0,15,9,2,1,1
677,6,League,10/11/2018,League,1016,"JAWAHARLAL NEHRU INDOOR STADIUM, Chennai",30,U.P. Yoddha,6,Patna Pirates,30,court,41,43,6.0,Patna Pirates,2,False,27,7,4,3,26,11,4,2,44,21,11,12,1,43,22,8,13,0,20,7,0,29,10,1,2,2
678,6,League,11/8/2018,League,1022,"Shaheed Vijay Singh Pathik Sports Complex, Greater Noida",28,Haryana Steelers,2,Dabang Delhi K.C.,28,court,33,39,2.0,Dabang Delhi K.C.,6,False,20,9,2,2,23,12,4,0,42,17,11,14,0,42,20,9,13,1,27,9,0,25,11,1,1,2
679,6,League,11/8/2018,League,1022,"Shaheed Vijay Singh Pathik Sports Complex, Greater Noida",30,U.P. Yoddha,1,Bengaluru Bulls,30,court,27,37,1.0,Bengaluru Bulls,10,False,14,12,0,1,19,12,4,2,43,13,13,17,0,43,14,11,18,0,27,11,1,21,12,0,0,2
680,6,League,11/9/2018,League,3,"DOME,NSCI,SVP STADIUM,MUMBAI, Mumbai",5,U Mumba,3,Jaipur Pink Panthers,5,court,48,24,5.0,U Mumba,24,False,24,15,8,1,16,7,0,1,43,20,6,17,0,42,11,15,16,1,25,15,0,29,6,1,4,0
681,6,League,11/9/2018,League,3,"DOME,NSCI,SVP STADIUM,MUMBAI, Mumbai",4,Bengal Warriors,8,Telugu Titans,8,court,30,25,4.0,Bengal Warriors,5,False,11,14,2,3,13,11,0,1,45,11,8,26,0,46,13,13,20,0,22,13,1,17,8,3,1,0
682,6,League,11/10/2018,League,3,"DOME,NSCI,SVP STADIUM,MUMBAI, Mumbai",6,Patna Pirates,4,Bengal Warriors,6,court,50,30,6.0,Patna Pirates,20,False,28,15,6,1,17,10,2,1,42,21,10,11,0,43,13,14,16,0,29,14,1,29,10,0,3,1
683,6,League,11/10/2018,League,3,"DOME,NSCI,SVP STADIUM,MUMBAI, Mumbai",5,U Mumba,31,Gujarat Giants,5,court,36,38,31.0,Gujarat Giants,2,False,19,14,2,1,22,9,4,3,42,17,10,15,0,43,13,14,16,1,32,13,1,22,9,1,1,2
684,6,League,11/11/2018,League,3,"DOME,NSCI,SVP STADIUM,MUMBAI, Mumbai",5,U Mumba,28,Haryana Steelers,5,court,31,35,28.0,Haryana Steelers,4,False,19,10,2,0,20,12,2,1,44,15,12,17,1,43,18,10,15,0,27,10,0,27,12,0,1,1
685,6,League,11/13/2018,League,3,"DOME,NSCI,SVP STADIUM,MUMBAI, Mumbai",7,Puneri Paltan,8,Telugu Titans,8,court,25,28,8.0,Telugu Titans,3,False,12,9,2,2,14,10,4,0,41,11,10,20,0,42,11,7,24,0,19,6,3,16,10,0,1,2
686,6,League,11/13/2018,League,3,"DOME,NSCI,SVP STADIUM,MUMBAI, Mumbai",5,U Mumba,30,U.P. Yoddha,30,court,41,24,5.0,U Mumba,17,False,15,18,6,2,10,13,0,1,42,12,9,21,1,41,9,17,15,0,24,17,1,23,9,4,3,0
687,6,League,11/14/2018,League,3,"DOME,NSCI,SVP STADIUM,MUMBAI, Mumbai",29,Tamil Thalaivas,28,Haryana Steelers,29,court,32,32,,Tie,0,True,17,11,2,2,18,9,2,3,42,16,10,16,0,40,16,12,12,0,25,11,0,19,9,0,1,1
688,6,League,11/14/2018,League,3,"DOME,NSCI,SVP STADIUM,MUMBAI, Mumbai",5,U Mumba,1,Bengaluru Bulls,1,court,32,29,5.0,U Mumba,3,False,14,11,4,3,21,4,2,2,41,12,6,23,0,39,15,13,11,2,28,11,0,18,4,0,2,1
689,6,League,11/15/2018,League,3,"DOME,NSCI,SVP STADIUM,MUMBAI, Mumbai",6,Patna Pirates,2,Dabang Delhi K.C.,6,court,38,35,6.0,Patna Pirates,3,False,23,9,4,2,24,9,2,0,41,18,9,14,2,41,23,10,8,0,28,9,0,30,9,0,2,1
690,6,League,11/15/2018,League,3,"DOME,NSCI,SVP STADIUM,MUMBAI, Mumbai",5,U Mumba,29,Tamil Thalaivas,29,court,36,22,5.0,U Mumba,14,False,14,17,4,1,15,5,0,2,39,12,6,21,0,38,10,17,11,0,27,16,1,18,5,0,2,0
691,6,League,11/16/2018,League,1023,"The Arena by TransStadia, Ahmedabad",31,Gujarat Giants,4,Bengal Warriors,4,court,35,23,31.0,Gujarat Giants,12,False,18,10,4,3,13,8,0,2,38,17,5,16,0,39,12,12,15,0,18,10,0,22,5,3,2,0
692,6,League,11/16/2018,League,1023,"The Arena by TransStadia, Ahmedabad",3,Jaipur Pink Panthers,30,U.P. Yoddha,3,court,45,28,3.0,Jaipur Pink Panthers,17,False,20,19,6,0,14,11,0,3,50,18,9,23,0,49,9,19,21,0,26,19,0,26,7,5,3,0
693,6,League,11/17/2018,League,1023,"The Arena by TransStadia, Ahmedabad",7,Puneri Paltan,4,Bengal Warriors,4,court,22,26,4.0,Bengal Warriors,4,False,13,6,0,3,12,10,2,2,44,13,10,21,0,44,11,8,25,0,18,6,0,18,9,1,0,1
694,6,League,11/17/2018,League,1023,"The Arena by TransStadia, Ahmedabad",31,Gujarat Giants,1,Bengaluru Bulls,31,court,30,30,,Tie,0,True,20,6,2,2,17,10,2,1,43,20,9,14,0,43,15,7,21,0,23,6,0,24,9,1,1,1
695,6,League,11/18/2018,League,1023,"The Arena by TransStadia, Ahmedabad",3,Jaipur Pink Panthers,1,Bengaluru Bulls,3,court,32,45,1.0,Bengaluru Bulls,13,False,21,9,2,0,28,9,6,2,39,15,9,15,0,38,17,9,12,2,34,9,0,24,9,0,1,3
696,6,League,11/18/2018,League,1023,"The Arena by TransStadia, Ahmedabad",31,Gujarat Giants,30,U.P. Yoddha,30,court,37,32,31.0,Gujarat Giants,5,False,17,12,4,4,17,11,2,2,41,16,9,16,0,42,10,13,19,1,23,12,0,23,9,2,2,1
697,6,League,11/20/2018,League,1023,"The Arena by TransStadia, Ahmedabad",29,Tamil Thalaivas,8,Telugu Titans,29,court,27,23,29.0,Tamil Thalaivas,4,False,15,9,2,1,15,7,0,1,42,11,7,24,1,41,14,9,18,0,17,8,1,18,7,0,1,0
698,6,League,11/20/2018,League,1023,"The Arena by TransStadia, Ahmedabad",31,Gujarat Giants,2,Dabang Delhi K.C.,2,court,26,29,2.0,Dabang Delhi K.C.,3,False,13,12,0,1,12,13,2,2,40,14,13,13,0,40,10,10,20,0,20,10,2,22,12,1,0,1
699,6,League,11/21/2018,League,1023,"The Arena by TransStadia, Ahmedabad",6,Patna Pirates,29,Tamil Thalaivas,29,court,45,27,6.0,Patna Pirates,18,False,28,10,6,1,21,4,2,0,41,23,4,14,0,40,15,10,15,0,24,10,0,24,4,0,3,1
700,6,League,11/21/2018,League,1023,"The Arena by TransStadia, Ahmedabad",31,Gujarat Giants,5,U Mumba,31,court,39,35,31.0,Gujarat Giants,4,False,21,12,4,2,22,10,2,1,44,16,10,18,0,44,14,10,20,2,26,10,2,25,9,1,2,1
701,6,League,11/22/2018,League,1023,"The Arena by TransStadia, Ahmedabad",31,Gujarat Giants,28,Haryana Steelers,28,court,40,31,31.0,Gujarat Giants,9,False,20,15,4,1,20,7,0,4,44,18,8,18,1,43,13,15,15,1,26,15,0,24,5,3,2,0
702,6,League,11/23/2018,League,10,"Kanteerava Indoor Stadium, Bengaluru",1,Bengaluru Bulls,4,Bengal Warriors,4,court,31,33,4.0,Bengal Warriors,2,False,25,3,2,1,23,7,2,1,43,21,7,15,1,43,18,4,21,2,21,3,0,26,7,0,1,1
703,6,League,11/23/2018,League,10,"Kanteerava Indoor Stadium, Bengaluru",3,Jaipur Pink Panthers,7,Puneri Paltan,3,court,30,30,,Tie,0,True,15,12,2,1,14,9,2,5,42,13,10,19,0,43,11,12,20,0,20,11,1,19,9,1,1,1
704,6,League,11/24/2018,League,10,"Kanteerava Indoor Stadium, Bengaluru",5,U Mumba,2,Dabang Delhi K.C.,2,court,39,23,5.0,U Mumba,16,False,18,15,4,2,15,5,0,3,41,16,6,19,0,40,15,16,9,0,25,14,1,21,5,0,2,0
705,6,League,11/24/2018,League,10,"Kanteerava Indoor Stadium, Bengaluru",1,Bengaluru Bulls,29,Tamil Thalaivas,29,court,36,22,1.0,Bengaluru Bulls,14,False,18,13,4,1,13,9,0,0,43,16,8,19,0,43,11,14,18,0,22,13,0,26,8,1,2,0
706,6,League,11/25/2018,League,10,"Kanteerava Indoor Stadium, Bengaluru",1,Bengaluru Bulls,6,Patna Pirates,1,court,32,35,6.0,Patna Pirates,3,False,22,7,2,1,18,10,2,5,40,21,10,9,0,41,17,8,16,0,22,7,0,28,9,1,1,1
707,6,League,11/25/2018,League,10,"Kanteerava Indoor Stadium, Bengaluru",2,Dabang Delhi K.C.,28,Haryana Steelers,28,court,27,34,28.0,Haryana Steelers,7,False,15,9,0,3,16,13,2,3,39,12,13,14,0,40,13,11,16,0,20,9,0,22,13,0,0,1
708,6,League,11/26/2018,League,10,"Kanteerava Indoor Stadium, Bengaluru",29,Tamil Thalaivas,8,Telugu Titans,8,court,31,25,29.0,Tamil Thalaivas,6,False,13,15,2,1,11,9,0,5,44,10,9,25,1,44,10,14,20,0,21,13,2,14,6,4,1,0
709,6,League,11/28/2018,League,10,"Kanteerava Indoor Stadium, Bengaluru",28,Haryana Steelers,7,Puneri Paltan,28,court,33,35,7.0,Puneri Paltan,2,False,19,10,4,0,22,8,4,1,41,17,8,16,0,41,16,10,15,1,27,10,0,25,8,0,2,2
710,6,League,11/28/2018,League,10,"Kanteerava Indoor Stadium, Bengaluru",1,Bengaluru Bulls,8,Telugu Titans,8,court,34,26,1.0,Bengaluru Bulls,8,False,19,13,2,0,12,12,2,0,44,16,11,17,0,44,12,13,19,0,22,13,0,23,11,1,1,1
711,6,League,11/29/2018,League,10,"Kanteerava Indoor Stadium, Bengaluru",7,Puneri Paltan,31,Gujarat Giants,7,court,20,35,31.0,Gujarat Giants,15,False,6,12,0,2,13,14,4,4,42,5,15,22,0,42,11,12,19,0,21,10,2,18,14,0,0,2
712,6,League,11/29/2018,League,10,"Kanteerava Indoor Stadium, Bengaluru",1,Bengaluru Bulls,4,Bengal Warriors,1,court,37,44,4.0,Bengal Warriors,7,False,28,6,2,1,28,9,6,1,41,23,10,8,0,41,21,7,13,1,30,6,0,26,9,0,1,3
713,6,League,11/30/2018,League,8,"Thyagaraj Indoor Stadium, Delhi",2,Dabang Delhi K.C.,3,Jaipur Pink Panthers,2,court,48,35,2.0,Dabang Delhi K.C.,13,False,31,9,6,2,29,4,2,0,43,23,4,16,1,43,21,10,12,1,27,9,0,32,4,0,3,1
714,6,League,11/30/2018,League,8,"Thyagaraj Indoor Stadium, Delhi",29,Tamil Thalaivas,6,Patna Pirates,29,court,35,35,,Tie,0,True,25,8,2,0,22,7,4,2,44,18,8,18,0,43,20,6,17,0,22,6,2,26,7,0,1,2
715,6,League,12/1/2018,League,8,"Thyagaraj Indoor Stadium, Delhi",2,Dabang Delhi K.C.,5,U Mumba,2,court,34,41,5.0,U Mumba,7,False,20,8,4,2,27,10,4,0,41,17,10,14,0,41,16,8,17,3,25,7,1,25,10,0,2,2
716,6,League,12/2/2018,League,8,"Thyagaraj Indoor Stadium, Delhi",5,U Mumba,31,Gujarat Giants,5,court,36,26,5.0,U Mumba,10,False,14,17,4,1,15,8,0,3,43,12,8,23,0,43,12,17,14,0,26,16,1,19,8,0,2,0
717,6,League,12/2/2018,League,8,"Thyagaraj Indoor Stadium, Delhi",2,Dabang Delhi K.C.,7,Puneri Paltan,2,court,35,24,2.0,Dabang Delhi K.C.,11,False,17,13,4,1,17,7,0,0,45,14,7,24,1,44,13,11,20,1,22,11,2,22,7,0,2,0
718,6,League,12/4/2018,League,8,"Thyagaraj Indoor Stadium, Delhi",6,Patna Pirates,31,Gujarat Giants,6,court,27,45,31.0,Gujarat Giants,18,False,13,13,0,1,22,17,6,0,43,12,17,14,0,43,16,11,16,2,30,11,2,25,17,0,0,3
719,6,League,12/4/2018,League,8,"Thyagaraj Indoor Stadium, Delhi",2,Dabang Delhi K.C.,8,Telugu Titans,2,court,34,29,2.0,Dabang Delhi K.C.,5,False,17,9,4,4,21,6,2,0,40,16,6,18,0,40,16,9,15,0,20,7,2,21,6,0,2,1
720,6,League,12/5/2018,League,8,"Thyagaraj Indoor Stadium, Delhi",28,Haryana Steelers,4,Bengal Warriors,28,court,35,33,28.0,Haryana Steelers,2,False,19,10,2,4,24,6,2,1,41,18,6,17,0,42,20,9,13,1,29,9,1,19,5,1,1,1
721,6,League,12/5/2018,League,8,"Thyagaraj Indoor Stadium, Delhi",2,Dabang Delhi K.C.,1,Bengaluru Bulls,1,court,32,31,2.0,Dabang Delhi K.C.,1,False,18,10,4,0,24,5,0,2,41,15,6,20,1,40,20,9,11,0,20,9,1,21,5,0,2,0
722,6,League,12/6/2018,League,8,"Thyagaraj Indoor Stadium, Delhi",30,U.P. Yoddha,28,Haryana Steelers,30,court,30,29,30.0,U.P. Yoddha,1,False,19,9,2,0,22,5,0,2,40,15,6,19,0,40,17,9,14,2,24,9,0,20,5,0,1,0
723,6,League,12/6/2018,League,8,"Thyagaraj Indoor Stadium, Delhi",2,Dabang Delhi K.C.,29,Tamil Thalaivas,29,court,37,33,2.0,Dabang Delhi K.C.,4,False,18,10,4,5,24,4,2,3,38,18,7,13,0,37,20,10,7,0,26,9,1,17,4,0,2,1
724,6,League,12/7/2018,League,13,"Gachibowli Indoor Stadium, Hyderabad",8,Telugu Titans,31,Gujarat Giants,8,court,27,29,31.0,Gujarat Giants,2,False,16,6,2,3,20,5,2,2,44,12,7,25,1,43,16,8,19,0,23,6,0,18,5,0,1,1
725,6,League,12/7/2018,League,13,"Gachibowli Indoor Stadium, Hyderabad",6,Patna Pirates,7,Puneri Paltan,6,court,53,36,6.0,Patna Pirates,17,False,33,12,6,2,28,6,0,2,42,26,6,10,1,42,16,12,14,1,28,11,1,36,5,2,3,0
726,6,League,12/8/2018,League,13,"Gachibowli Indoor Stadium, Hyderabad",5,U Mumba,4,Bengal Warriors,4,court,31,20,5.0,U Mumba,11,False,15,13,2,1,10,8,0,2,43,13,9,21,0,43,10,11,22,0,19,11,2,18,8,0,1,0
727,6,League,12/8/2018,League,13,"Gachibowli Indoor Stadium, Hyderabad",8,Telugu Titans,3,Jaipur Pink Panthers,3,court,36,26,8.0,Telugu Titans,10,False,21,10,4,1,19,7,0,0,41,17,6,18,1,41,17,10,14,0,22,10,0,22,6,1,2,0
728,6,League,12/9/2018,League,13,"Gachibowli Indoor Stadium, Hyderabad",29,Tamil Thalaivas,3,Jaipur Pink Panthers,29,court,24,37,3.0,Jaipur Pink Panthers,13,False,16,7,0,1,18,15,4,0,42,13,14,15,0,42,13,8,21,1,24,7,0,24,14,1,0,2
729,6,League,12/9/2018,League,13,"Gachibowli Indoor Stadium, Hyderabad",8,Telugu Titans,28,Haryana Steelers,8,court,35,31,8.0,Telugu Titans,4,False,18,15,2,0,20,7,2,2,44,13,7,24,1,44,20,9,15,0,23,9,6,18,7,0,1,1
730,6,League,12/11/2018,League,13,"Gachibowli Indoor Stadium, Hyderabad",2,Dabang Delhi K.C.,5,U Mumba,2,court,19,44,5.0,U Mumba,25,False,11,8,0,0,23,15,6,0,41,7,15,19,1,41,20,7,14,1,26,7,1,22,15,0,0,3
732,6,League,12/12/2018,League,13,"Gachibowli Indoor Stadium, Hyderabad",28,Haryana Steelers,31,Gujarat Giants,28,court,37,47,31.0,Gujarat Giants,10,False,26,8,2,1,30,12,4,1,44,18,11,15,1,45,20,7,18,1,33,7,1,31,11,1,1,2
733,6,League,12/12/2018,League,13,"Gachibowli Indoor Stadium, Hyderabad",8,Telugu Titans,1,Bengaluru Bulls,1,court,24,37,1.0,Bengaluru Bulls,13,False,16,8,0,0,18,13,4,2,43,10,14,19,0,44,18,8,18,0,23,8,0,20,13,0,0,2
734,6,League,12/13/2018,League,13,"Gachibowli Indoor Stadium, Hyderabad",8,Telugu Titans,6,Patna Pirates,6,court,41,36,8.0,Telugu Titans,5,False,22,14,4,1,24,10,2,0,47,19,7,21,1,47,15,14,18,0,30,14,0,25,7,3,2,1
735,6,League,12/14/2018,League,4,"Sawai Man Singh Indoor Stadium, Jaipur",3,Jaipur Pink Panthers,7,Puneri Paltan,7,court,36,23,3.0,Jaipur Pink Panthers,13,False,14,17,4,1,14,9,0,0,43,14,9,20,0,42,12,15,15,0,25,15,2,23,9,0,2,0
736,6,League,12/14/2018,League,4,"Sawai Man Singh Indoor Stadium, Jaipur",4,Bengal Warriors,29,Tamil Thalaivas,4,court,28,21,4.0,Bengal Warriors,7,False,16,10,2,0,11,10,0,0,44,11,9,24,1,44,10,10,24,0,19,10,0,20,9,1,1,0
737,6,League,12/15/2018,League,4,"Sawai Man Singh Indoor Stadium, Jaipur",30,U.P. Yoddha,29,Tamil Thalaivas,30,court,25,25,,Tie,0,True,16,6,0,3,13,8,0,4,44,15,9,20,0,44,13,7,24,0,18,6,0,17,7,1,0,0
738,6,League,12/15/2018,League,4,"Sawai Man Singh Indoor Stadium, Jaipur",3,Jaipur Pink Panthers,5,U Mumba,5,court,35,35,,Tie,0,True,18,10,4,3,22,10,2,1,45,16,11,18,1,45,21,9,15,0,26,9,1,27,10,0,2,1
739,6,League,12/16/2018,League,4,"Sawai Man Singh Indoor Stadium, Jaipur",6,Patna Pirates,30,U.P. Yoddha,30,court,31,47,30.0,U.P. Yoddha,16,False,21,9,0,1,26,13,6,2,46,16,14,16,1,45,17,8,20,1,27,8,1,27,13,0,0,3
740,6,League,12/16/2018,League,4,"Sawai Man Singh Indoor Stadium, Jaipur",3,Jaipur Pink Panthers,31,Gujarat Giants,31,court,29,34,31.0,Gujarat Giants,5,False,16,9,2,2,18,13,2,1,46,10,12,24,1,47,14,9,24,1,21,7,2,25,12,1,1,1
741,6,League,12/18/2018,League,4,"Sawai Man Singh Indoor Stadium, Jaipur",1,Bengaluru Bulls,8,Telugu Titans,8,court,44,28,1.0,Bengaluru Bulls,16,False,22,12,6,4,16,9,2,1,41,18,7,16,0,40,11,13,16,1,22,11,1,28,7,2,3,1
742,6,League,12/18/2018,League,4,"Sawai Man Singh Indoor Stadium, Jaipur",3,Jaipur Pink Panthers,28,Haryana Steelers,28,court,39,30,3.0,Jaipur Pink Panthers,9,False,23,11,4,1,19,9,2,0,47,17,9,21,1,47,15,12,20,0,21,11,0,28,9,0,2,1
743,6,League,12/19/2018,League,4,"Sawai Man Singh Indoor Stadium, Jaipur",6,Patna Pirates,1,Bengaluru Bulls,1,court,40,40,,Tie,0,True,26,7,4,3,26,11,2,1,42,20,11,11,1,42,21,7,14,1,21,7,0,31,10,1,2,1
744,6,League,12/19/2018,League,4,"Sawai Man Singh Indoor Stadium, Jaipur",3,Jaipur Pink Panthers,31,Gujarat Giants,31,court,31,33,31.0,Gujarat Giants,2,False,18,8,2,3,21,8,4,0,43,14,8,21,1,44,17,8,19,0,25,7,1,21,8,0,1,2
745,6,League,12/20/2018,League,4,"Sawai Man Singh Indoor Stadium, Jaipur",3,Jaipur Pink Panthers,2,Dabang Delhi K.C.,2,court,37,37,,Tie,0,True,25,8,2,2,26,9,2,0,43,18,7,18,2,44,18,7,19,2,25,6,3,26,7,2,1,1
746,6,League,12/21/2018,League,9,"Netaji Indoor Stadium, Kolkata",7,Puneri Paltan,8,Telugu Titans,8,court,35,20,7.0,Puneri Paltan,15,False,14,16,4,1,15,5,0,0,43,13,4,26,0,44,9,15,20,0,24,14,2,15,4,1,2,0
747,6,League,12/22/2018,League,9,"Netaji Indoor Stadium, Kolkata",5,U Mumba,30,U.P. Yoddha,5,court,32,34,30.0,U.P. Yoddha,2,False,17,12,2,1,19,13,2,0,41,14,12,15,1,41,14,10,17,0,25,10,2,28,12,1,1,1
748,6,League,12/22/2018,League,9,"Netaji Indoor Stadium, Kolkata",4,Bengal Warriors,6,Patna Pirates,6,court,39,23,4.0,Bengal Warriors,16,False,19,15,4,1,17,6,0,0,41,16,6,19,0,40,15,14,11,0,27,14,1,21,6,0,2,0
749,6,League,12/23/2018,League,9,"Netaji Indoor Stadium, Kolkata",4,Bengal Warriors,2,Dabang Delhi K.C.,2,court,31,37,2.0,Dabang Delhi K.C.,6,False,18,9,2,2,23,6,4,4,41,15,7,19,1,41,15,8,18,0,22,7,2,20,6,0,1,2
750,6,League,12/21/2018,League,9,"Netaji Indoor Stadium, Kolkata",4,Bengal Warriors,29,Tamil Thalaivas,29,court,27,24,4.0,Bengal Warriors,3,False,17,10,0,0,18,6,0,0,44,14,6,24,1,43,14,8,21,1,23,8,2,19,6,0,0,0
751,6,League,12/25/2018,League,9,"Netaji Indoor Stadium, Kolkata",28,Haryana Steelers,29,Tamil Thalaivas,28,court,40,40,,Tie,0,True,30,8,2,0,26,8,4,2,43,23,10,10,0,43,21,7,15,3,30,7,1,30,8,0,1,2
752,6,League,12/25/2018,League,9,"Netaji Indoor Stadium, Kolkata",4,Bengal Warriors,8,Telugu Titans,8,court,39,34,4.0,Bengal Warriors,5,False,27,7,2,3,22,10,2,0,44,17,7,20,2,43,16,9,18,1,24,7,1,29,7,3,1,1
753,6,League,12/26/2018,League,9,"Netaji Indoor Stadium, Kolkata",31,Gujarat Giants,6,Patna Pirates,6,court,37,29,31.0,Gujarat Giants,8,False,18,14,2,3,18,6,0,5,40,17,7,16,0,39,14,12,13,0,25,11,3,18,6,0,1,0
754,6,League,12/26/2018,League,9,"Netaji Indoor Stadium, Kolkata",4,Bengal Warriors,1,Bengaluru Bulls,1,court,37,31,4.0,Bengal Warriors,6,False,24,7,4,2,19,6,2,4,39,16,7,16,1,38,16,7,15,0,23,7,0,25,6,0,2,1
755,6,League,12/27/2018,League,9,"Netaji Indoor Stadium, Kolkata",3,Jaipur Pink Panthers,1,Bengaluru Bulls,1,court,32,40,1.0,Bengaluru Bulls,8,False,23,9,0,0,25,10,4,1,45,20,10,15,0,45,20,8,17,1,27,8,1,22,10,0,0,2
756,6,League,12/27/2018,League,9,"Netaji Indoor Stadium, Kolkata",4,Bengal Warriors,30,U.P. Yoddha,4,court,25,41,30.0,U.P. Yoddha,16,False,16,7,0,2,19,14,6,2,40,10,12,18,0,40,15,6,19,1,23,6,1,24,12,2,0,3
757,6,Playoffs,12/30/2018,Playoffs,1024,"Rajiv Gandhi Indoor Stadium, Kochi",5,U Mumba,30,U.P. Yoddha,30,raid,29,34,30.0,U.P. Yoddha,5,False,18,11,0,0,12,18,2,2,43,15,17,11,0,44,11,11,22,0,20,11,0,29,17,1,0,1
758,6,Playoffs,12/30/2018,Playoffs,1024,"Rajiv Gandhi Indoor Stadium, Kochi",2,Dabang Delhi K.C.,4,Bengal Warriors,2,court,39,28,2.0,Dabang Delhi K.C.,11,False,22,11,4,2,18,6,2,2,42,21,7,14,0,40,13,11,16,1,23,10,1,23,6,0,2,1
759,6,Playoffs,12/31/2018,Playoffs,1024,"Rajiv Gandhi Indoor Stadium, Kochi",31,Gujarat Giants,1,Bengaluru Bulls,31,court,29,41,1.0,Bengaluru Bulls,12,False,21,6,2,0,22,13,4,2,42,16,14,12,0,43,17,6,20,1,25,6,0,29,13,0,1,2
760,6,Playoffs,12/31/2018,Playoffs,1024,"Rajiv Gandhi Indoor Stadium, Kochi",30,U.P. Yoddha,2,Dabang Delhi K.C.,2,court,45,33,30.0,U.P. Yoddha,12,False,26,10,6,3,22,4,2,5,39,18,5,16,2,39,19,12,8,1,23,9,1,24,4,0,3,1
761,6,Playoffs,1/3/2019,Playoffs,3,"DOME,NSCI,SVP STADIUM,MUMBAI, Mumbai",31,Gujarat Giants,30,U.P. Yoddha,30,raid,38,31,31.0,Gujarat Giants,7,False,22,10,4,2,17,10,2,2,44,16,9,19,0,44,15,12,17,0,23,10,0,25,8,2,2,1
762,6,Final,1/5/2019,Final,3,"DOME,NSCI,SVP STADIUM,MUMBAI, Mumbai",1,Bengaluru Bulls,31,Gujarat Giants,1,court,38,33,1.0,Bengaluru Bulls,5,False,26,7,4,1,20,8,2,3,44,23,9,12,0,44,19,7,18,1,24,7,0,30,8,0,2,1
1685,7,League,7/20/2019,League,13,"Gachibowli Indoor Stadium, Hyderabad",8,Telugu Titans,5,U Mumba,5,court,25,31,5.0,U Mumba,6,False,15,10,0,0,16,10,4,1,40,14,11,15,0,40,13,9,18,0,24,9,1,17,10,0,0,2
1686,7,League,7/20/2019,League,13,"Gachibowli Indoor Stadium, Hyderabad",1,Bengaluru Bulls,6,Patna Pirates,6,court,34,32,1.0,Bengaluru Bulls,2,False,17,15,2,0,18,12,2,0,42,14,11,17,0,41,17,10,14,0,23,10,5,23,11,1,1,1
1687,7,League,7/21/2019,League,13,"Gachibowli Indoor Stadium, Hyderabad",1,Bengaluru Bulls,31,Gujarat Giants,31,court,24,42,31.0,Gujarat Giants,18,False,17,5,0,2,17,17,6,2,39,9,17,13,1,39,15,5,19,1,20,4,1,24,17,0,0,3
1688,7,League,7/21/2019,League,13,"Gachibowli Indoor Stadium, Hyderabad",8,Telugu Titans,29,Tamil Thalaivas,8,court,26,39,29.0,Tamil Thalaivas,13,False,15,8,0,3,20,15,4,0,42,15,14,13,0,42,15,8,19,1,24,8,0,23,14,1,0,2
1689,7,League,7/22/2019,League,13,"Gachibowli Indoor Stadium, Hyderabad",5,U Mumba,3,Jaipur Pink Panthers,5,court,23,42,3.0,Jaipur Pink Panthers,19,False,18,5,0,0,25,11,6,0,41,14,11,16,0,41,21,4,16,0,27,4,1,23,11,0,0,3
1690,7,League,7/22/2019,League,13,"Gachibowli Indoor Stadium, Hyderabad",7,Puneri Paltan,28,Haryana Steelers,7,court,24,34,28.0,Haryana Steelers,10,False,14,10,0,0,15,14,4,1,41,11,13,17,0,41,12,9,20,1,24,9,1,25,13,1,0,2
1691,7,League,7/24/2019,League,13,"Gachibowli Indoor Stadium, Hyderabad",30,U.P. Yoddha,4,Bengal Warriors,30,court,17,48,4.0,Bengal Warriors,31,False,10,5,0,2,24,14,8,2,41,8,15,18,0,40,17,6,17,1,27,5,0,20,14,0,0,4
1692,7,League,7/24/2019,League,13,"Gachibowli Indoor Stadium, Hyderabad",8,Telugu Titans,2,Dabang Delhi K.C.,2,court,33,34,2.0,Dabang Delhi K.C.,1,False,27,6,0,0,23,7,2,2,39,19,6,14,1,39,23,4,12,0,20,4,2,24,6,1,0,1
1693,7,League,7/25/2019,League,13,"Gachibowli Indoor Stadium, Hyderabad",2,Dabang Delhi K.C.,29,Tamil Thalaivas,29,court,30,29,2.0,Dabang Delhi K.C.,1,False,13,9,2,6,12,11,2,4,38,10,11,17,0,37,11,9,17,0,18,8,2,21,10,2,1,1
1694,7,League,7/26/2019,League,13,"Gachibowli Indoor Stadium, Hyderabad",30,U.P. Yoddha,31,Gujarat Giants,30,court,19,44,31.0,Gujarat Giants,25,False,12,5,0,2,23,14,6,1,41,9,15,17,0,40,17,5,18,1,27,5,0,18,14,0,0,3
1695,7,League,7/26/2019,League,13,"Gachibowli Indoor Stadium, Hyderabad",8,Telugu Titans,6,Patna Pirates,6,court,22,34,6.0,Patna Pirates,12,False,10,8,0,4,12,16,4,2,39,9,14,16,0,38,12,8,18,0,17,7,2,22,14,2,0,2
1696,7,League,7/27/2019,League,3,"DOME,NSCI,SVP STADIUM,MUMBAI, Mumbai",5,U Mumba,7,Puneri Paltan,5,court,33,23,5.0,U Mumba,10,False,15,12,4,2,12,11,0,0,40,12,8,20,0,39,8,12,19,0,18,10,2,22,8,3,2,0
1697,7,League,7/27/2019,League,3,"DOME,NSCI,SVP STADIUM,MUMBAI, Mumbai",3,Jaipur Pink Panthers,4,Bengal Warriors,3,court,27,25,3.0,Jaipur Pink Panthers,2,False,12,10,2,3,13,11,0,1,42,11,9,22,0,42,11,10,21,0,21,10,0,20,8,3,1,0
1698,7,League,7/28/2019,League,3,"DOME,NSCI,SVP STADIUM,MUMBAI, Mumbai",2,Dabang Delhi K.C.,28,Haryana Steelers,28,court,41,21,2.0,Dabang Delhi K.C.,20,False,22,9,4,6,16,4,0,1,37,17,5,15,0,36,12,10,14,0,20,8,1,23,4,0,2,0
1699,7,League,7/28/2019,League,3,"DOME,NSCI,SVP STADIUM,MUMBAI, Mumbai",5,U Mumba,1,Bengaluru Bulls,5,court,26,30,1.0,Bengaluru Bulls,4,False,15,4,2,5,15,8,2,5,39,12,8,19,0,40,14,8,18,0,18,4,1,18,6,2,1,1
1700,7,League,7/29/2019,League,3,"DOME,NSCI,SVP STADIUM,MUMBAI, Mumbai",29,Tamil Thalaivas,6,Patna Pirates,6,court,23,24,6.0,Patna Pirates,1,False,9,10,0,4,7,13,0,4,39,9,11,19,0,39,7,11,21,0,15,9,2,18,9,4,0,0
1701,7,League,7/29/2019,League,3,"DOME,NSCI,SVP STADIUM,MUMBAI, Mumbai",4,Bengal Warriors,7,Puneri Paltan,4,court,43,23,4.0,Bengal Warriors,20,False,22,12,6,3,13,9,0,1,39,17,7,15,3,39,10,12,17,0,22,11,1,27,7,2,3,0
1702,7,League,7/31/2019,League,3,"DOME,NSCI,SVP STADIUM,MUMBAI, Mumbai",28,Haryana Steelers,3,Jaipur Pink Panthers,28,court,21,37,3.0,Jaipur Pink Panthers,16,False,12,9,0,0,17,14,4,2,42,10,15,17,0,41,14,9,18,0,24,9,0,23,14,0,0,2
1703,7,League,7/31/2019,League,3,"DOME,NSCI,SVP STADIUM,MUMBAI, Mumbai",5,U Mumba,30,U.P. Yoddha,30,court,23,27,30.0,U.P. Yoddha,4,False,10,11,0,2,10,13,2,2,39,8,14,17,0,38,11,10,17,0,19,9,2,19,13,0,0,1
1704,7,League,8/1/2019,League,3,"DOME,NSCI,SVP STADIUM,MUMBAI, Mumbai",31,Gujarat Giants,2,Dabang Delhi K.C.,2,court,31,26,31.0,Gujarat Giants,5,False,17,10,2,2,13,9,2,2,39,14,9,16,0,39,11,10,18,0,23,10,0,19,8,1,1,1
1705,7,League,8/2/2019,League,3,"DOME,NSCI,SVP STADIUM,MUMBAI, Mumbai",8,Telugu Titans,30,U.P. Yoddha,30,court,20,20,,Tie,0,True,9,10,0,1,5,13,0,2,43,10,11,22,0,43,6,10,27,0,14,10,0,18,11,2,0,0
1706,7,League,8/2/2019,League,3,"DOME,NSCI,SVP STADIUM,MUMBAI, Mumbai",5,U Mumba,31,Gujarat Giants,5,court,32,20,5.0,U Mumba,12,False,15,12,4,1,10,8,0,2,39,9,7,23,2,39,9,11,19,0,20,10,2,21,6,2,2,0
1707,7,League,8/3/2019,League,5,"Patliputra Indoor Stadium, Patna",6,Patna Pirates,3,Jaipur Pink Panthers,6,court,21,34,3.0,Jaipur Pink Panthers,13,False,12,7,0,2,12,17,4,1,40,10,16,14,0,40,9,7,24,0,18,6,1,24,15,2,0,2
1708,7,League,8/3/2019,League,5,"Patliputra Indoor Stadium, Patna",4,Bengal Warriors,1,Bengaluru Bulls,1,court,42,43,1.0,Bengaluru Bulls,1,False,29,6,4,3,31,8,4,0,40,24,8,8,0,40,24,7,9,1,33,6,1,31,8,0,2,2
1709,7,League,8/4/2019,League,5,"Patliputra Indoor Stadium, Patna",28,Haryana Steelers,29,Tamil Thalaivas,28,court,28,35,29.0,Tamil Thalaivas,7,False,16,10,2,0,20,10,4,1,42,12,11,19,0,42,17,9,16,0,26,9,1,21,10,0,1,2
1710,7,League,8/4/2019,League,5,"Patliputra Indoor Stadium, Patna",6,Patna Pirates,7,Puneri Paltan,7,court,20,41,7.0,Puneri Paltan,21,False,11,7,2,0,19,17,4,1,42,8,18,16,1,42,14,7,21,1,22,7,0,26,17,0,1,2
1711,7,League,8/5/2019,League,5,"Patliputra Indoor Stadium, Patna",2,Dabang Delhi K.C.,3,Jaipur Pink Panthers,2,court,35,24,2.0,Dabang Delhi K.C.,11,False,21,8,4,2,19,3,0,2,37,17,4,16,1,38,13,10,15,1,24,8,0,21,3,0,2,0
1712,7,League,8/5/2019,League,5,"Patliputra Indoor Stadium, Patna",31,Gujarat Giants,7,Puneri Paltan,31,court,31,33,7.0,Puneri Paltan,2,False,21,8,2,0,15,13,2,3,39,16,13,10,0,40,13,7,20,0,19,7,1,32,12,1,1,1
1713,7,League,8/7/2019,League,5,"Patliputra Indoor Stadium, Patna",30,U.P. Yoddha,29,Tamil Thalaivas,29,court,28,28,,Tie,0,True,13,12,2,1,13,10,2,3,39,12,11,16,0,38,11,11,16,0,20,10,2,21,10,0,1,1
1714,7,League,8/7/2019,League,5,"Patliputra Indoor Stadium, Patna",6,Patna Pirates,28,Haryana Steelers,28,court,26,35,28.0,Haryana Steelers,9,False,18,6,2,0,18,12,4,1,42,15,11,16,1,43,13,5,25,1,20,5,1,26,11,1,1,2
1715,7,League,8/8/2019,League,5,"Patliputra Indoor Stadium, Patna",8,Telugu Titans,1,Bengaluru Bulls,8,court,26,47,1.0,Bengaluru Bulls,21,False,16,10,0,0,21,19,4,3,40,12,13,15,1,40,18,9,13,1,23,9,1,28,13,6,0,2
1716,7,League,8/9/2019,League,5,"Patliputra Indoor Stadium, Patna",4,Bengal Warriors,5,U Mumba,5,court,32,30,4.0,Bengal Warriors,2,False,17,10,4,1,13,10,4,3,39,14,11,14,1,40,10,10,20,0,21,10,0,22,10,0,2,2
1717,7,League,8/9/2019,League,5,"Patliputra Indoor Stadium, Patna",6,Patna Pirates,30,U.P. Yoddha,30,court,41,20,6.0,Patna Pirates,21,False,17,16,6,2,14,4,0,2,40,16,5,19,0,39,9,16,14,0,24,15,1,19,4,1,3,0
1718,7,League,8/10/2019,League,1023,"The Arena by TransStadia, Ahmedabad",31,Gujarat Giants,29,Tamil Thalaivas,29,court,28,34,29.0,Tamil Thalaivas,6,False,14,9,2,3,15,13,4,2,42,11,13,18,0,43,9,9,25,1,20,8,1,23,12,1,1,2
1719,7,League,8/10/2019,League,1023,"The Arena by TransStadia, Ahmedabad",7,Puneri Paltan,2,Dabang Delhi K.C.,7,court,30,32,2.0,Dabang Delhi K.C.,2,False,22,7,0,1,19,9,2,2,43,21,10,12,0,42,19,6,17,0,22,6,1,23,9,0,0,1
1720,7,League,8/11/2019,League,1023,"The Arena by TransStadia, Ahmedabad",1,Bengaluru Bulls,28,Haryana Steelers,28,court,30,33,28.0,Haryana Steelers,3,False,17,9,2,2,18,12,2,1,41,15,11,15,0,41,15,11,15,0,22,9,0,25,11,1,1,1
1721,7,League,8/11/2019,League,1023,"The Arena by TransStadia, Ahmedabad",31,Gujarat Giants,8,Telugu Titans,31,court,24,30,8.0,Telugu Titans,6,False,15,8,0,1,11,16,2,1,40,12,16,12,0,39,12,9,18,0,16,8,0,24,16,0,0,1
1722,7,League,8/12/2019,League,1023,"The Arena by TransStadia, Ahmedabad",4,Bengal Warriors,8,Telugu Titans,4,court,29,29,,Tie,0,True,13,11,2,3,13,10,2,4,38,11,11,16,0,39,10,11,18,0,18,10,1,20,10,0,1,1
1723,7,League,8/12/2019,League,1023,"The Arena by TransStadia, Ahmedabad",30,U.P. Yoddha,1,Bengaluru Bulls,1,court,35,33,30.0,U.P. Yoddha,2,False,16,15,4,0,22,10,0,1,42,13,10,19,0,42,17,14,11,0,25,14,1,24,10,0,2,0
1724,7,League,8/14/2019,League,1023,"The Arena by TransStadia, Ahmedabad",30,U.P. Yoddha,28,Haryana Steelers,30,court,33,36,28.0,Haryana Steelers,3,False,21,10,2,0,20,12,4,0,41,13,12,16,0,42,17,10,15,0,24,10,0,22,12,0,1,2
1725,7,League,8/14/2019,League,1023,"The Arena by TransStadia, Ahmedabad",31,Gujarat Giants,4,Bengal Warriors,4,court,26,28,4.0,Bengal Warriors,2,False,15,11,0,0,16,7,2,3,40,14,9,17,0,40,15,6,19,0,21,6,5,17,7,0,0,1
1726,7,League,8/15/2019,League,1023,"The Arena by TransStadia, Ahmedabad",3,Jaipur Pink Panthers,7,Puneri Paltan,3,court,33,25,3.0,Jaipur Pink Panthers,8,False,16,13,4,0,16,8,0,1,39,15,5,19,0,39,14,13,12,0,23,13,0,21,5,3,2,0
1727,7,League,8/16/2019,League,1023,"The Arena by TransStadia, Ahmedabad",5,U Mumba,6,Patna Pirates,5,court,34,30,5.0,U Mumba,4,False,24,6,2,2,17,8,2,3,42,16,8,18,2,41,16,6,19,0,20,5,2,23,7,1,1,1
1728,7,League,8/16/2019,League,1023,"The Arena by TransStadia, Ahmedabad",31,Gujarat Giants,3,Jaipur Pink Panthers,31,court,19,22,3.0,Jaipur Pink Panthers,3,False,8,9,0,2,9,13,0,0,38,6,13,19,0,39,7,11,21,0,14,9,0,20,13,0,0,0
1729,7,League,8/17/2019,League,1016,"JAWAHARLAL NEHRU INDOOR STADIUM, Chennai",29,Tamil Thalaivas,1,Bengaluru Bulls,29,court,21,32,1.0,Bengaluru Bulls,11,False,15,6,0,0,15,10,4,3,41,12,10,19,0,40,16,6,18,0,19,6,0,20,9,1,0,2
1730,7,League,8/17/2019,League,1016,"JAWAHARLAL NEHRU INDOOR STADIUM, Chennai",4,Bengal Warriors,2,Dabang Delhi K.C.,2,court,30,30,,Tie,0,True,19,7,2,2,18,7,2,3,38,14,7,17,1,38,16,7,15,0,20,6,1,20,6,1,1,1
1731,7,League,8/18/2019,League,1016,"JAWAHARLAL NEHRU INDOOR STADIUM, Chennai",28,Haryana Steelers,8,Telugu Titans,8,court,29,40,8.0,Telugu Titans,11,False,22,3,0,4,24,10,4,2,41,20,11,10,1,41,21,4,16,0,23,3,0,28,10,0,0,2
1732,7,League,8/18/2019,League,1016,"JAWAHARLAL NEHRU INDOOR STADIUM, Chennai",29,Tamil Thalaivas,7,Puneri Paltan,7,court,31,31,,Tie,0,True,18,10,2,1,16,12,2,1,44,14,11,19,1,45,15,11,19,0,21,10,0,25,11,1,1,1
1733,7,League,8/19/2019,League,1016,"JAWAHARLAL NEHRU INDOOR STADIUM, Chennai",5,U Mumba,28,Haryana Steelers,28,court,27,30,28.0,Haryana Steelers,3,False,14,10,2,1,16,9,2,3,39,12,9,18,0,39,12,8,19,1,21,8,2,18,7,2,1,1
1734,7,League,8/19/2019,League,1016,"JAWAHARLAL NEHRU INDOOR STADIUM, Chennai",30,U.P. Yoddha,3,Jaipur Pink Panthers,30,court,31,24,30.0,U.P. Yoddha,7,False,18,11,2,0,14,9,0,1,42,13,6,23,0,41,12,10,19,1,22,10,1,21,6,3,1,0
1735,7,League,8/21/2019,League,1016,"JAWAHARLAL NEHRU INDOOR STADIUM, Chennai",7,Puneri Paltan,1,Bengaluru Bulls,1,court,31,23,7.0,Puneri Paltan,8,False,13,16,2,0,16,6,0,1,41,10,7,24,0,41,13,16,12,0,32,16,0,18,6,0,1,0
1736,7,League,8/21/2019,League,1016,"JAWAHARLAL NEHRU INDOOR STADIUM, Chennai",29,Tamil Thalaivas,3,Jaipur Pink Panthers,29,court,26,28,3.0,Jaipur Pink Panthers,2,False,16,6,2,2,14,11,0,3,42,14,9,19,0,42,14,7,21,0,12,6,0,23,8,3,1,0
1737,7,League,8/22/2019,League,1016,"JAWAHARLAL NEHRU INDOOR STADIUM, Chennai",4,Bengal Warriors,6,Patna Pirates,6,court,35,26,4.0,Bengal Warriors,9,False,20,11,4,0,18,6,2,0,42,18,5,19,0,42,16,11,15,0,25,11,0,20,5,1,2,1
1738,7,League,8/23/2019,League,1016,"JAWAHARLAL NEHRU INDOOR STADIUM, Chennai",31,Gujarat Giants,6,Patna Pirates,31,court,29,26,31.0,Gujarat Giants,3,False,16,11,2,0,14,9,2,1,43,13,8,22,0,42,10,11,21,1,23,11,0,19,8,1,1,1
1739,7,League,8/23/2019,League,1016,"JAWAHARLAL NEHRU INDOOR STADIUM, Chennai",29,Tamil Thalaivas,5,U Mumba,29,court,24,29,5.0,U Mumba,5,False,14,6,0,4,14,11,2,2,39,12,12,15,0,39,11,8,20,0,19,6,0,22,10,1,0,1
1740,7,League,8/24/2019,League,8,"Thyagaraj Indoor Stadium, Delhi",2,Dabang Delhi K.C.,1,Bengaluru Bulls,2,court,33,31,2.0,Dabang Delhi K.C.,2,False,21,10,2,0,19,10,2,0,43,16,10,17,0,42,16,10,16,0,24,10,0,19,10,0,1,1
1741,7,League,8/24/2019,League,8,"Thyagaraj Indoor Stadium, Delhi",3,Jaipur Pink Panthers,8,Telugu Titans,3,court,21,24,8.0,Telugu Titans,3,False,6,14,0,1,9,15,0,0,39,5,12,22,0,40,9,9,22,0,15,9,5,15,12,3,0,0
1742,7,League,8/25/2019,League,8,"Thyagaraj Indoor Stadium, Delhi",3,Jaipur Pink Panthers,1,Bengaluru Bulls,1,court,30,41,1.0,Bengaluru Bulls,11,False,13,12,2,3,21,16,4,0,44,11,16,17,0,44,16,13,15,1,25,10,2,25,16,0,1,2
1743,7,League,8/25/2019,League,8,"Thyagaraj Indoor Stadium, Delhi",2,Dabang Delhi K.C.,30,U.P. Yoddha,30,court,36,27,2.0,Dabang Delhi K.C.,9,False,20,10,4,2,18,9,0,0,42,16,8,18,0,42,13,11,18,1,22,10,0,23,8,1,2,0
1744,7,League,8/26/2019,League,8,"Thyagaraj Indoor Stadium, Delhi",4,Bengal Warriors,28,Haryana Steelers,4,court,33,36,28.0,Haryana Steelers,3,False,24,5,2,2,23,8,2,3,40,21,7,12,1,40,18,6,16,1,24,5,0,28,7,1,1,1
1745,7,League,8/26/2019,League,8,"Thyagaraj Indoor Stadium, Delhi",30,U.P. Yoddha,7,Puneri Paltan,7,court,35,30,30.0,U.P. Yoddha,5,False,20,10,4,1,19,8,2,1,44,16,8,20,0,44,16,10,18,0,23,10,0,27,7,1,2,1
1746,7,League,8/28/2019,League,8,"Thyagaraj Indoor Stadium, Delhi",31,Gujarat Giants,28,Haryana Steelers,28,court,25,41,28.0,Haryana Steelers,16,False,16,8,0,1,20,14,6,1,41,15,14,12,0,41,15,6,20,2,25,6,2,26,14,0,0,3
1747,7,League,8/28/2019,League,8,"Thyagaraj Indoor Stadium, Delhi",2,Dabang Delhi K.C.,5,U Mumba,5,court,40,24,2.0,Dabang Delhi K.C.,16,False,18,16,6,0,14,10,0,0,41,15,8,18,0,42,10,16,16,0,23,16,0,24,8,2,3,0
1748,7,League,8/29/2019,League,8,"Thyagaraj Indoor Stadium, Delhi",4,Bengal Warriors,29,Tamil Thalaivas,4,court,35,26,4.0,Bengal Warriors,9,False,21,10,4,0,20,6,0,0,43,18,6,19,0,43,14,10,19,1,22,10,0,26,6,0,2,0
1749,7,League,8/30/2019,League,8,"Thyagaraj Indoor Stadium, Delhi",8,Telugu Titans,7,Puneri Paltan,7,court,27,34,7.0,Puneri Paltan,7,False,10,17,0,0,15,14,2,3,45,9,14,22,0,44,13,10,21,1,21,10,7,20,14,0,0,1
1750,7,League,8/30/2019,League,8,"Thyagaraj Indoor Stadium, Delhi",2,Dabang Delhi K.C.,6,Patna Pirates,6,court,38,35,2.0,Dabang Delhi K.C.,3,False,23,11,4,0,24,7,4,0,41,18,7,16,0,41,17,11,13,1,29,11,0,21,7,0,2,2
1751,7,League,8/31/2019,League,10,"Kanteerava Indoor Stadium, Bengaluru",1,Bengaluru Bulls,31,Gujarat Giants,1,court,23,32,31.0,Gujarat Giants,9,False,9,13,0,1,11,13,4,4,44,9,14,21,0,44,10,10,24,0,20,10,3,18,13,0,0,2
1752,7,League,8/31/2019,League,10,"Kanteerava Indoor Stadium, Bengaluru",5,U Mumba,3,Jaipur Pink Panthers,3,court,47,21,5.0,U Mumba,26,False,22,15,8,2,15,5,0,1,42,17,3,22,1,42,10,17,15,0,20,15,0,24,3,2,4,0
1753,7,League,9/1/2019,League,10,"Kanteerava Indoor Stadium, Bengaluru",30,U.P. Yoddha,4,Bengal Warriors,4,court,32,29,30.0,U.P. Yoddha,3,False,12,16,2,2,15,11,0,3,46,11,11,24,0,45,12,14,19,0,23,14,2,20,9,3,1,0
1754,7,League,9/1/2019,League,10,"Kanteerava Indoor Stadium, Bengaluru",1,Bengaluru Bulls,29,Tamil Thalaivas,1,court,33,27,1.0,Bengaluru Bulls,6,False,22,8,2,1,14,12,0,1,42,17,10,15,0,42,12,8,22,0,18,7,1,28,10,2,1,0
1755,7,League,9/2/2019,League,10,"Kanteerava Indoor Stadium, Bengaluru",7,Puneri Paltan,28,Haryana Steelers,28,court,27,41,28.0,Haryana Steelers,14,False,18,8,0,1,21,14,4,2,43,14,15,14,0,43,18,7,18,0,25,7,1,30,13,1,0,2
1756,7,League,9/2/2019,League,10,"Kanteerava Indoor Stadium, Bengaluru",8,Telugu Titans,29,Tamil Thalaivas,29,court,35,30,8.0,Telugu Titans,5,False,21,9,2,3,22,8,0,0,44,20,7,17,0,43,17,11,15,0,27,8,1,24,7,1,1,0
1757,7,League,9/4/2019,League,10,"Kanteerava Indoor Stadium, Bengaluru",3,Jaipur Pink Panthers,2,Dabang Delhi K.C.,2,court,44,46,2.0,Dabang Delhi K.C.,2,False,22,13,4,5,28,9,4,5,44,14,11,19,2,43,20,12,11,2,31,11,3,24,9,1,2,2
1758,7,League,9/4/2019,League,10,"Kanteerava Indoor Stadium, Bengaluru",1,Bengaluru Bulls,6,Patna Pirates,1,court,40,39,1.0,Bengaluru Bulls,1,False,24,13,2,1,21,15,2,1,46,21,11,14,0,46,14,10,22,1,24,10,3,32,11,4,1,1
1759,7,League,9/5/2019,League,10,"Kanteerava Indoor Stadium, Bengaluru",7,Puneri Paltan,5,U Mumba,7,court,33,33,,Tie,0,True,12,12,4,5,18,11,2,2,42,10,12,20,1,42,17,10,15,0,24,10,2,20,11,0,2,1
1760,7,League,9/6/2019,League,10,"Kanteerava Indoor Stadium, Bengaluru",6,Patna Pirates,30,U.P. Yoddha,6,court,29,41,30.0,U.P. Yoddha,12,False,19,8,2,0,20,14,6,1,47,13,13,21,0,46,16,6,24,0,24,6,2,28,13,1,1,3
1761,7,League,9/6/2019,League,10,"Kanteerava Indoor Stadium, Bengaluru",1,Bengaluru Bulls,8,Telugu Titans,8,court,40,39,1.0,Bengaluru Bulls,1,False,28,7,4,1,29,8,2,0,44,18,8,18,1,44,21,8,15,2,30,7,0,30,8,0,2,1
1762,7,League,9/7/2019,League,9,"Netaji Indoor Stadium, Kolkata",4,Bengal Warriors,31,Gujarat Giants,31,court,25,25,,Tie,0,True,17,8,0,0,16,8,0,1,41,14,8,19,0,42,14,8,20,1,21,8,0,21,8,0,0,0
1763,7,League,9/7/2019,League,9,"Netaji Indoor Stadium, Kolkata",2,Dabang Delhi K.C.,28,Haryana Steelers,28,court,25,47,28.0,Haryana Steelers,22,False,19,5,0,1,26,14,6,1,40,15,13,12,0,41,17,5,19,2,26,5,0,23,13,1,0,3
1764,7,League,9/8/2019,League,9,"Netaji Indoor Stadium, Kolkata",2,Dabang Delhi K.C.,29,Tamil Thalaivas,2,court,50,34,2.0,Dabang Delhi K.C.,16,False,32,8,6,4,27,3,0,4,41,29,4,8,1,41,20,12,9,0,21,8,0,28,3,0,3,0
1765,7,League,9/8/2019,League,9,"Netaji Indoor Stadium, Kolkata",4,Bengal Warriors,7,Puneri Paltan,7,court,42,39,4.0,Bengal Warriors,3,False,27,10,4,1,22,12,4,1,42,18,13,11,3,41,16,10,15,0,24,9,1,32,12,0,2,2
1766,7,League,9/9/2019,League,9,"Netaji Indoor Stadium, Kolkata",30,U.P. Yoddha,31,Gujarat Giants,30,court,33,26,30.0,U.P. Yoddha,7,False,16,12,4,1,16,7,2,1,41,13,5,23,0,41,10,12,19,1,24,12,0,18,5,2,2,1
1767,7,League,9/9/2019,League,9,"Netaji Indoor Stadium, Kolkata",29,Tamil Thalaivas,6,Patna Pirates,6,court,25,51,6.0,Patna Pirates,26,False,18,6,0,1,28,14,8,1,45,16,13,16,0,46,20,5,21,2,30,5,1,26,13,1,0,4
1768,7,League,9/11/2019,League,9,"Netaji Indoor Stadium, Kolkata",28,Haryana Steelers,3,Jaipur Pink Panthers,3,court,32,32,,Tie,0,True,17,13,2,0,16,10,4,2,42,12,12,18,1,43,13,12,18,0,25,12,1,23,10,0,1,2
1769,7,League,9/11/2019,League,9,"Netaji Indoor Stadium, Kolkata",4,Bengal Warriors,5,U Mumba,4,court,29,26,4.0,Bengal Warriors,3,False,16,10,2,1,20,6,0,0,40,14,6,20,1,39,15,10,14,2,22,9,1,19,6,0,1,0
1770,7,League,9/12/2019,League,9,"Netaji Indoor Stadium, Kolkata",3,Jaipur Pink Panthers,6,Patna Pirates,6,court,33,36,6.0,Patna Pirates,3,False,23,9,0,1,23,10,2,1,44,16,9,19,1,45,20,6,19,1,26,6,3,25,9,1,0,1
1771,7,League,9/10/2019,League,9,"Netaji Indoor Stadium, Kolkata",8,Telugu Titans,5,U Mumba,8,court,27,41,5.0,U Mumba,14,False,15,9,2,1,18,15,6,2,41,11,16,14,0,40,16,8,16,0,22,7,2,23,15,0,1,3
1772,7,League,9/12/2019,League,9,"Netaji Indoor Stadium, Kolkata",4,Bengal Warriors,1,Bengaluru Bulls,1,court,42,40,4.0,Bengal Warriors,2,False,25,12,4,1,28,7,2,3,43,18,7,18,1,43,19,13,11,1,33,12,0,24,6,2,2,1
1773,7,League,9/14/2019,League,1021,"SHREE SHIV CHHATRAPATI SPORTS COMPLEX, Pune",7,Puneri Paltan,31,Gujarat Giants,7,court,43,33,7.0,Puneri Paltan,10,False,20,18,4,1,17,8,2,6,41,17,9,15,0,41,15,17,9,0,28,16,2,23,7,1,2,1
1774,7,League,9/14/2019,League,1021,"SHREE SHIV CHHATRAPATI SPORTS COMPLEX, Pune",29,Tamil Thalaivas,28,Haryana Steelers,28,court,35,43,28.0,Haryana Steelers,8,False,22,9,2,2,23,15,4,1,43,15,15,13,0,44,16,8,20,1,26,7,2,32,14,1,1,2
1775,7,League,9/15/2019,League,1021,"SHREE SHIV CHHATRAPATI SPORTS COMPLEX, Pune",2,Dabang Delhi K.C.,31,Gujarat Giants,2,court,34,30,2.0,Dabang Delhi K.C.,4,False,19,10,4,1,19,5,2,4,43,16,8,19,1,42,16,11,15,0,23,10,0,21,5,1,2,1
1776,7,League,9/15/2019,League,1021,"SHREE SHIV CHHATRAPATI SPORTS COMPLEX, Pune",7,Puneri Paltan,6,Patna Pirates,6,court,33,55,6.0,Patna Pirates,22,False,25,8,0,0,26,18,8,3,42,18,18,6,1,43,22,7,14,0,31,7,1,33,17,1,0,4
1777,7,League,9/16/2019,League,1021,"SHREE SHIV CHHATRAPATI SPORTS COMPLEX, Pune",3,Jaipur Pink Panthers,30,U.P. Yoddha,30,court,32,38,30.0,U.P. Yoddha,6,False,20,11,0,1,23,8,4,3,42,12,10,20,1,42,16,8,18,1,28,8,3,21,8,0,0,2
1778,7,League,9/16/2019,League,1021,"SHREE SHIV CHHATRAPATI SPORTS COMPLEX, Pune",8,Telugu Titans,2,Dabang Delhi K.C.,2,court,29,37,2.0,Dabang Delhi K.C.,8,False,19,9,0,1,20,11,4,2,40,16,11,13,0,39,18,8,13,0,22,7,2,24,11,0,0,2
1779,7,League,9/18/2019,League,1021,"SHREE SHIV CHHATRAPATI SPORTS COMPLEX, Pune",5,U Mumba,30,U.P. Yoddha,5,court,39,36,5.0,U Mumba,3,False,20,11,4,4,22,9,2,3,42,16,9,17,1,41,16,10,15,1,26,10,1,25,7,2,2,1
1780,7,League,9/18/2019,League,1021,"SHREE SHIV CHHATRAPATI SPORTS COMPLEX, Pune",7,Puneri Paltan,29,Tamil Thalaivas,29,court,36,36,,Tie,0,True,19,11,4,2,26,7,2,1,42,18,7,17,1,42,21,12,9,0,30,11,0,23,6,1,2,1
1781,7,League,9/19/2019,League,1021,"SHREE SHIV CHHATRAPATI SPORTS COMPLEX, Pune",4,Bengal Warriors,28,Haryana Steelers,4,court,48,36,4.0,Bengal Warriors,12,False,30,11,6,1,29,5,2,0,44,23,5,16,0,44,21,11,12,1,32,11,0,30,5,0,3,1
1782,7,League,9/20/2019,League,1021,"SHREE SHIV CHHATRAPATI SPORTS COMPLEX, Pune",8,Telugu Titans,6,Patna Pirates,6,court,42,42,,Tie,0,True,27,8,4,3,29,7,4,2,41,20,8,13,1,41,17,9,15,2,32,8,0,26,7,0,2,2
1783,7,League,9/20/2019,League,1021,"SHREE SHIV CHHATRAPATI SPORTS COMPLEX, Pune",7,Puneri Paltan,1,Bengaluru Bulls,1,court,42,38,7.0,Puneri Paltan,4,False,18,17,4,3,29,7,2,0,40,16,7,17,1,39,22,14,3,1,36,14,3,23,7,0,2,1
1784,7,League,9/21/2019,League,4,"Sawai Man Singh Indoor Stadium, Jaipur",3,Jaipur Pink Panthers,31,Gujarat Giants,3,court,28,28,,Tie,0,True,6,20,2,0,9,15,2,2,42,4,15,23,0,41,8,15,18,0,21,15,5,20,15,0,1,1
1785,7,League,9/21/2019,League,4,"Sawai Man Singh Indoor Stadium, Jaipur",30,U.P. Yoddha,29,Tamil Thalaivas,29,court,42,22,30.0,U.P. Yoddha,20,False,19,14,6,3,12,7,2,1,42,13,8,21,1,42,9,14,19,0,21,13,1,20,7,0,3,1
1786,7,League,9/22/2019,League,4,"Sawai Man Singh Indoor Stadium, Jaipur",5,U Mumba,31,Gujarat Giants,5,court,31,25,5.0,U Mumba,6,False,15,10,4,2,15,5,2,3,40,11,8,21,0,40,11,11,18,0,21,10,0,17,5,0,2,1
1787,7,League,9/22/2019,League,4,"Sawai Man Singh Indoor Stadium, Jaipur",3,Jaipur Pink Panthers,4,Bengal Warriors,3,court,40,41,4.0,Bengal Warriors,1,False,27,8,2,3,26,10,4,1,45,20,11,14,1,45,20,8,17,2,31,8,0,27,10,0,1,2
1788,7,League,9/23/2019,League,4,"Sawai Man Singh Indoor Stadium, Jaipur",6,Patna Pirates,28,Haryana Steelers,6,court,34,39,28.0,Haryana Steelers,5,False,27,6,0,1,24,8,6,1,43,19,8,16,1,43,19,6,18,0,27,5,1,24,8,0,0,3
1789,7,League,9/23/2019,League,4,"Sawai Man Singh Indoor Stadium, Jaipur",2,Dabang Delhi K.C.,1,Bengaluru Bulls,1,court,39,39,,Tie,0,True,20,12,4,3,23,10,2,4,43,16,11,16,0,42,16,13,13,0,27,12,0,26,10,0,2,1
1790,7,League,9/25/2019,League,4,"Sawai Man Singh Indoor Stadium, Jaipur",8,Telugu Titans,4,Bengal Warriors,8,court,39,40,4.0,Bengal Warriors,1,False,29,7,2,1,24,8,4,4,41,22,8,11,1,41,19,8,14,0,25,7,0,28,8,0,1,2
1791,7,League,9/25/2019,League,4,"Sawai Man Singh Indoor Stadium, Jaipur",3,Jaipur Pink Panthers,7,Puneri Paltan,7,court,43,34,3.0,Jaipur Pink Panthers,9,False,29,10,4,0,23,8,2,1,40,21,8,11,0,40,18,10,12,0,28,10,0,28,8,0,2,1
1792,7,League,9/26/2019,League,4,"Sawai Man Singh Indoor Stadium, Jaipur",6,Patna Pirates,2,Dabang Delhi K.C.,6,court,39,43,2.0,Dabang Delhi K.C.,4,False,27,6,4,2,31,8,2,2,41,22,8,11,1,42,20,7,15,1,25,6,0,31,7,1,2,1
1793,7,League,9/27/2019,League,4,"Sawai Man Singh Indoor Stadium, Jaipur",5,U Mumba,1,Bengaluru Bulls,1,court,33,35,1.0,Bengaluru Bulls,2,False,23,7,2,1,19,10,4,2,43,19,10,14,0,43,15,8,20,0,23,7,0,25,10,0,1,2
1794,7,League,9/27/2019,League,4,"Sawai Man Singh Indoor Stadium, Jaipur",3,Jaipur Pink Panthers,8,Telugu Titans,8,court,31,51,8.0,Telugu Titans,20,False,22,6,0,3,33,12,6,0,45,19,12,14,0,45,23,7,15,3,32,6,1,25,12,0,0,3
1795,7,League,9/28/2019,League,1025,"Tau Devilal Sports Complex, Panchkula",28,Haryana Steelers,30,U.P. Yoddha,28,court,30,37,30.0,U.P. Yoddha,7,False,18,8,2,2,20,12,2,3,46,14,12,20,1,46,15,6,25,1,19,6,2,26,10,2,1,1
1796,7,League,9/28/2019,League,1025,"Tau Devilal Sports Complex, Panchkula",31,Gujarat Giants,29,Tamil Thalaivas,29,court,50,21,31.0,Gujarat Giants,29,False,27,16,6,1,13,7,0,1,42,24,8,10,0,42,11,16,15,0,26,16,0,31,7,0,3,0
1797,7,League,9/29/2019,League,1025,"Tau Devilal Sports Complex, Panchkula",7,Puneri Paltan,2,Dabang Delhi K.C.,7,court,40,60,2.0,Dabang Delhi K.C.,20,False,27,13,0,0,34,13,8,5,42,18,14,10,0,43,28,10,5,0,37,10,3,28,13,0,0,4
1798,7,League,9/29/2019,League,1025,"Tau Devilal Sports Complex, Panchkula",28,Haryana Steelers,31,Gujarat Giants,28,court,38,37,28.0,Haryana Steelers,1,False,23,11,2,2,18,13,2,4,48,17,11,20,1,48,15,12,21,1,26,10,1,29,11,2,1,1
1799,7,League,9/30/2019,League,1025,"Tau Devilal Sports Complex, Panchkula",4,Bengal Warriors,2,Dabang Delhi K.C.,2,court,42,33,4.0,Bengal Warriors,9,False,28,8,6,0,23,6,2,2,41,22,6,13,0,39,21,8,10,0,23,8,0,30,6,0,3,1
1800,7,League,9/30/2019,League,1025,"Tau Devilal Sports Complex, Panchkula",29,Tamil Thalaivas,5,U Mumba,5,court,32,36,5.0,U Mumba,4,False,18,9,2,3,21,7,2,6,42,16,10,16,0,42,20,9,13,0,25,9,0,22,6,2,1,1
1801,7,League,10/2/2019,League,1025,"Tau Devilal Sports Complex, Panchkula",5,U Mumba,6,Patna Pirates,5,court,30,26,5.0,U Mumba,4,False,17,7,2,4,15,7,0,4,40,15,6,19,0,40,12,10,18,0,15,6,1,20,6,1,1,0
1802,7,League,10/2/2019,League,1025,"Tau Devilal Sports Complex, Panchkula",28,Haryana Steelers,1,Bengaluru Bulls,1,court,36,59,1.0,Bengaluru Bulls,23,False,31,3,2,0,39,10,8,2,41,25,10,6,0,41,36,3,2,0,37,3,0,27,10,0,1,4
1803,7,League,10/3/2019,League,1025,"Tau Devilal Sports Complex, Panchkula",8,Telugu Titans,7,Puneri Paltan,7,court,50,53,7.0,Puneri Paltan,3,False,31,15,4,0,31,15,6,1,45,23,13,9,1,44,22,14,8,3,39,14,1,36,13,2,2,3
1804,7,League,10/4/2019,League,1025,"Tau Devilal Sports Complex, Panchkula",3,Jaipur Pink Panthers,1,Bengaluru Bulls,1,court,41,34,3.0,Jaipur Pink Panthers,7,False,27,12,2,0,23,8,2,1,42,17,8,17,3,41,17,11,13,2,34,11,1,29,8,0,1,1
1805,7,League,10/4/2019,League,1025,"Tau Devilal Sports Complex, Panchkula",28,Haryana Steelers,8,Telugu Titans,28,court,52,32,28.0,Haryana Steelers,20,False,31,12,6,3,23,8,0,1,42,26,6,10,0,42,21,12,9,0,27,12,0,32,6,2,3,0
1806,7,League,10/5/2019,League,1022,"Shaheed Vijay Singh Pathik Sports Complex, Greater Noida",30,U.P. Yoddha,2,Dabang Delhi K.C.,30,court,50,33,30.0,U.P. Yoddha,17,False,29,14,6,1,23,8,0,2,41,26,7,8,0,40,12,14,14,2,27,14,0,31,6,2,3,0
1807,7,League,10/5/2019,League,1022,"Shaheed Vijay Singh Pathik Sports Complex, Greater Noida",31,Gujarat Giants,6,Patna Pirates,6,court,33,39,6.0,Patna Pirates,6,False,21,10,2,0,23,10,4,2,43,19,10,14,0,43,20,7,16,0,27,7,3,27,10,0,1,2
1808,7,League,10/6/2019,League,1022,"Shaheed Vijay Singh Pathik Sports Complex, Greater Noida",4,Bengal Warriors,6,Patna Pirates,6,court,41,69,6.0,Patna Pirates,28,False,31,7,2,1,41,17,8,3,47,24,12,11,0,48,31,7,10,2,39,7,0,35,12,5,1,4
1809,7,League,10/6/2019,League,1022,"Shaheed Vijay Singh Pathik Sports Complex, Greater Noida",30,U.P. Yoddha,7,Puneri Paltan,30,court,43,39,30.0,U.P. Yoddha,4,False,21,15,4,3,20,17,2,0,47,19,15,13,0,47,17,16,14,0,29,15,0,33,15,2,2,1
1810,7,League,10/7/2019,League,1022,"Shaheed Vijay Singh Pathik Sports Complex, Greater Noida",8,Telugu Titans,31,Gujarat Giants,8,court,38,48,31.0,Gujarat Giants,10,False,24,11,2,1,31,11,6,0,43,19,11,13,0,42,21,11,10,2,38,10,1,25,11,0,1,3
1811,7,League,10/7/2019,League,1022,"Shaheed Vijay Singh Pathik Sports Complex, Greater Noida",29,Tamil Thalaivas,3,Jaipur Pink Panthers,3,court,35,33,29.0,Tamil Thalaivas,2,False,18,13,2,2,21,9,0,3,43,16,10,17,0,42,17,12,13,1,22,11,2,24,9,1,1,0
1812,7,League,10/9/2019,League,1022,"Shaheed Vijay Singh Pathik Sports Complex, Greater Noida",4,Bengal Warriors,29,Tamil Thalaivas,4,court,33,29,4.0,Bengal Warriors,4,False,16,10,2,5,16,8,0,5,42,17,7,18,0,42,17,11,14,0,20,9,1,19,6,2,1,0
1813,7,League,10/9/2019,League,1022,"Shaheed Vijay Singh Pathik Sports Complex, Greater Noida",30,U.P. Yoddha,8,Telugu Titans,30,court,36,41,8.0,Telugu Titans,5,False,19,12,4,1,26,8,4,3,41,16,9,16,0,42,19,12,11,1,28,11,1,21,8,0,2,2
1814,7,League,10/10/2019,League,1022,"Shaheed Vijay Singh Pathik Sports Complex, Greater Noida",5,U Mumba,28,Haryana Steelers,28,court,39,33,5.0,U Mumba,6,False,20,15,2,2,21,10,2,0,42,17,10,15,0,43,16,15,12,0,30,14,1,24,10,0,1,1
1815,7,League,10/11/2019,League,1022,"Shaheed Vijay Singh Pathik Sports Complex, Greater Noida",2,Dabang Delhi K.C.,5,U Mumba,2,court,37,37,,Tie,0,True,22,9,4,2,21,11,4,1,40,19,11,10,0,40,19,10,11,0,24,9,0,26,11,0,2,2
1816,7,League,10/11/2019,League,1022,"Shaheed Vijay Singh Pathik Sports Complex, Greater Noida",30,U.P. Yoddha,1,Bengaluru Bulls,30,court,45,33,30.0,U.P. Yoddha,12,False,22,13,6,4,21,8,2,2,44,20,7,17,1,43,14,15,14,1,26,13,0,26,7,1,3,1
1817,7,Playoffs,10/14/2019,Playoffs,1023,"The Arena by TransStadia, Ahmedabad",30,U.P. Yoddha,1,Bengaluru Bulls,1,court,45,48,1.0,Bengaluru Bulls,3,False,28,14,2,1,29,9,6,4,51,24,10,17,0,50,19,12,19,2,36,11,3,27,9,0,1,3
1818,7,Playoffs,10/14/2019,Playoffs,1023,"The Arena by TransStadia, Ahmedabad",5,U Mumba,28,Haryana Steelers,5,court,46,38,5.0,U Mumba,8,False,32,9,4,1,30,5,2,1,41,26,5,10,1,41,20,9,12,1,28,9,0,26,4,1,2,1
1819,7,Semi Final,10/16/2019,Semi Final,1023,"The Arena by TransStadia, Ahmedabad",2,Dabang Delhi K.C.,1,Bengaluru Bulls,1,court,44,38,2.0,Dabang Delhi K.C.,6,False,23,15,6,0,28,6,0,4,44,19,6,19,0,44,17,15,12,1,27,15,0,24,4,4,3,0
1820,7,Semi Final,10/16/2019,Semi Final,1023,"The Arena by TransStadia, Ahmedabad",4,Bengal Warriors,5,U Mumba,4,court,37,35,4.0,Bengal Warriors,2,False,18,10,4,5,23,8,2,2,39,13,8,18,1,40,15,11,14,1,24,9,1,22,8,0,2,1
1821,7,Match 137,10/19/2019,Final,1023,"The Arena by TransStadia, Ahmedabad",2,Dabang Delhi K.C.,4,Bengal Warriors,2,court,34,39,4.0,Bengal Warriors,5,False,27,3,2,2,22,10,6,1,44,20,11,13,0,43,20,5,18,0,23,3,0,23,10,0,1,3
2700,8,Match 1,12/22/2021,League,1029,"Sheraton Grand, Whitefield, Bengaluru",1,Bengaluru Bulls,5,U Mumba,5,court,30,46,5.0,U Mumba,16,False,27,3,0,0,26,13,6,1,38,19,13,6,2,38,20,3,15,2,23,3,0,28,12,1,0,3
2701,8,Match 2,12/22/2021,League,1029,"Sheraton Grand, Whitefield, Bengaluru",8,Telugu Titans,29,Tamil Thalaivas,8,court,40,40,,Tie,0,True,22,13,4,1,20,14,4,2,41,16,15,10,1,41,17,12,12,1,25,12,1,28,14,0,2,2
2702,8,Match 3,12/22/2021,League,1029,"Sheraton Grand, Whitefield, Bengaluru",4,Bengal Warriors,30,U.P. Yoddha,4,court,38,33,4.0,Bengal Warriors,5,False,23,8,4,3,18,9,2,4,42,15,9,18,2,42,17,9,16,0,18,8,0,26,9,0,2,1
2703,8,Match 4,12/23/2021,League,1029,"Sheraton Grand, Whitefield, Bengaluru",31,Gujarat Giants,3,Jaipur Pink Panthers,3,court,34,27,31.0,Gujarat Giants,7,False,14,13,4,3,16,7,2,2,42,14,8,20,0,42,13,12,17,0,22,12,1,19,7,0,2,1
2704,8,Match 5,12/23/2021,League,1029,"Sheraton Grand, Whitefield, Bengaluru",2,Dabang Delhi K.C.,7,Puneri Paltan,7,court,41,30,2.0,Dabang Delhi K.C.,11,False,25,9,6,1,21,5,2,2,43,22,6,15,0,42,18,10,14,0,18,9,0,25,5,0,3,1
2705,8,Match 6,12/23/2021,League,1029,"Sheraton Grand, Whitefield, Bengaluru",28,Haryana Steelers,6,Patna Pirates,28,court,39,42,6.0,Patna Pirates,3,False,23,14,2,0,28,9,2,3,42,17,10,15,1,42,19,10,13,1,30,10,4,25,9,1,1,1
2706,8,Match 7,12/24/2021,League,1029,"Sheraton Grand, Whitefield, Bengaluru",5,U Mumba,2,Dabang Delhi K.C.,5,court,27,31,2.0,Dabang Delhi K.C.,4,False,18,6,2,1,18,10,2,1,37,15,10,12,0,38,17,5,16,1,19,5,1,24,10,0,1,1
2707,8,Match 8,12/24/2021,League,1029,"Sheraton Grand, Whitefield, Bengaluru",29,Tamil Thalaivas,1,Bengaluru Bulls,1,court,30,38,1.0,Bengaluru Bulls,8,False,15,12,2,1,19,14,4,1,40,13,14,13,0,39,18,11,10,0,29,11,1,25,14,0,1,2
2708,8,Match 9,12/24/2021,League,1029,"Sheraton Grand, Whitefield, Bengaluru",4,Bengal Warriors,31,Gujarat Giants,31,court,31,28,4.0,Bengal Warriors,3,False,18,8,2,3,19,8,0,1,41,16,7,18,0,41,17,8,16,0,18,7,2,23,7,1,1,0
2709,8,Match 10,12/25/2021,League,1029,"Sheraton Grand, Whitefield, Bengaluru",6,Patna Pirates,30,U.P. Yoddha,30,court,35,36,30.0,U.P. Yoddha,1,False,17,17,0,1,20,13,2,1,44,16,11,17,0,45,17,12,16,1,27,12,5,22,11,2,0,1
2710,8,Match 11,12/25/2021,League,1029,"Sheraton Grand, Whitefield, Bengaluru",7,Puneri Paltan,8,Telugu Titans,8,court,34,33,7.0,Puneri Paltan,1,False,18,13,2,1,15,8,4,6,42,12,8,22,1,42,12,12,18,2,24,11,2,20,8,0,1,2
2711,8,Match 12,12/25/2021,League,1029,"Sheraton Grand, Whitefield, Bengaluru",3,Jaipur Pink Panthers,28,Haryana Steelers,3,court,40,38,3.0,Jaipur Pink Panthers,2,False,27,9,4,0,27,9,2,0,42,24,8,10,0,41,21,9,11,1,25,9,0,28,8,1,2,1
2712,8,Match 13,12/26/2021,League,1029,"Sheraton Grand, Whitefield, Bengaluru",31,Gujarat Giants,2,Dabang Delhi K.C.,2,court,24,24,,Tie,0,True,15,5,0,4,16,4,0,4,39,15,8,16,0,40,16,6,18,0,17,5,0,16,4,0,0,0
2713,8,Match 14,12/26/2021,League,1029,"Sheraton Grand, Whitefield, Bengaluru",1,Bengaluru Bulls,4,Bengal Warriors,1,court,36,35,1.0,Bengaluru Bulls,1,False,23,6,4,3,22,9,4,0,37,17,9,11,1,38,17,6,15,1,26,6,0,24,9,0,2,2
2714,8,Match 15,12/27/2021,League,1029,"Sheraton Grand, Whitefield, Bengaluru",29,Tamil Thalaivas,5,U Mumba,29,court,30,30,,Tie,0,True,17,8,2,3,18,5,4,3,37,14,6,17,0,37,16,8,13,1,23,8,0,16,5,0,1,2
2715,8,Match 16,12/27/2021,League,1029,"Sheraton Grand, Whitefield, Bengaluru",30,U.P. Yoddha,3,Jaipur Pink Panthers,3,court,29,32,3.0,Jaipur Pink Panthers,3,False,23,4,0,2,20,8,2,2,42,20,8,14,1,43,18,6,19,1,22,4,0,24,8,0,0,1
2716,8,Match 17,12/28/2021,League,1029,"Sheraton Grand, Whitefield, Bengaluru",7,Puneri Paltan,6,Patna Pirates,7,court,26,38,6.0,Patna Pirates,12,False,14,10,0,2,16,13,4,5,41,11,13,17,0,42,14,10,18,0,24,8,2,22,12,1,0,2
2717,8,Match 18,12/28/2021,League,1029,"Sheraton Grand, Whitefield, Bengaluru",8,Telugu Titans,28,Haryana Steelers,8,court,37,39,28.0,Haryana Steelers,2,False,26,7,0,4,21,11,4,3,41,18,10,13,1,41,17,9,15,0,22,6,2,20,10,1,0,2
2718,8,Match 19,12/29/2021,League,1029,"Sheraton Grand, Whitefield, Bengaluru",2,Dabang Delhi K.C.,4,Bengal Warriors,2,court,52,35,2.0,Dabang Delhi K.C.,17,False,36,8,6,2,28,5,2,0,40,27,4,9,1,39,20,8,11,2,24,8,0,31,4,1,3,1
2719,8,Match 20,12/29/2021,League,1029,"Sheraton Grand, Whitefield, Bengaluru",30,U.P. Yoddha,31,Gujarat Giants,31,court,32,32,,Tie,0,True,19,9,2,2,22,6,2,2,40,15,8,17,0,40,15,8,17,1,23,7,2,21,6,0,1,1
2720,8,Match 21,12/30/2021,League,1029,"Sheraton Grand, Whitefield, Bengaluru",3,Jaipur Pink Panthers,5,U Mumba,5,court,28,37,5.0,U Mumba,9,False,19,8,0,1,22,9,4,2,37,13,9,15,0,38,18,6,14,1,25,6,2,20,9,0,0,2
2721,8,Match 22,12/30/2021,League,1029,"Sheraton Grand, Whitefield, Bengaluru",28,Haryana Steelers,1,Bengaluru Bulls,28,court,28,42,1.0,Bengaluru Bulls,14,False,19,9,0,0,20,18,4,0,39,13,16,10,0,39,19,9,11,0,24,9,0,28,16,2,0,2
2722,8,Match 23,12/31/2021,League,1029,"Sheraton Grand, Whitefield, Bengaluru",29,Tamil Thalaivas,7,Puneri Paltan,7,court,36,26,29.0,Tamil Thalaivas,10,False,21,7,4,4,13,10,2,1,42,14,8,20,2,41,11,10,20,0,17,7,0,23,8,2,2,1
2723,8,Match 24,12/31/2021,League,1029,"Sheraton Grand, Whitefield, Bengaluru",6,Patna Pirates,4,Bengal Warriors,6,court,44,30,6.0,Patna Pirates,14,False,25,14,4,1,18,9,2,1,44,19,9,16,1,44,15,15,14,0,28,14,0,25,9,0,2,1
2724,8,Match 25,1/1/2022,League,1029,"Sheraton Grand, Whitefield, Bengaluru",5,U Mumba,30,U.P. Yoddha,30,court,28,28,,Tie,0,True,14,14,0,0,15,10,2,1,39,10,10,19,1,40,12,10,18,1,23,10,4,18,10,0,0,1
2725,8,Match 26,1/1/2022,League,1029,"Sheraton Grand, Whitefield, Bengaluru",1,Bengaluru Bulls,8,Telugu Titans,8,court,34,34,,Tie,0,True,21,13,0,0,19,11,4,0,41,17,11,13,0,41,14,10,17,1,28,10,3,19,11,0,0,2
2726,8,Match 27,1/1/2022,League,1029,"Sheraton Grand, Whitefield, Bengaluru",2,Dabang Delhi K.C.,29,Tamil Thalaivas,29,court,30,30,,Tie,0,True,17,9,2,2,17,12,0,1,41,16,9,16,0,41,15,9,17,0,18,8,1,24,9,3,1,0
2727,8,Match 28,1/2/2022,League,1029,"Sheraton Grand, Whitefield, Bengaluru",31,Gujarat Giants,28,Haryana Steelers,31,court,36,38,28.0,Haryana Steelers,2,False,25,7,4,0,25,9,4,0,41,22,8,11,0,41,16,7,18,1,27,7,0,26,8,1,2,2
2728,8,Match 29,1/2/2022,League,1029,"Sheraton Grand, Whitefield, Bengaluru",7,Puneri Paltan,1,Bengaluru Bulls,7,court,29,40,1.0,Bengaluru Bulls,11,False,17,10,2,0,23,11,4,2,42,15,11,16,0,42,18,10,14,1,28,10,0,24,10,1,1,2
2729,8,Match 30,1/3/2022,League,1029,"Sheraton Grand, Whitefield, Bengaluru",4,Bengal Warriors,3,Jaipur Pink Panthers,3,court,31,28,4.0,Bengal Warriors,3,False,19,8,2,2,22,5,0,1,37,15,4,18,1,37,19,7,11,1,24,7,1,21,4,1,1,0
2730,8,Match 31,1/3/2022,League,1029,"Sheraton Grand, Whitefield, Bengaluru",8,Telugu Titans,6,Patna Pirates,6,court,30,31,6.0,Patna Pirates,1,False,18,8,2,2,17,10,2,2,38,15,9,14,1,39,15,9,15,1,22,8,0,22,8,2,1,1
2731,8,Match 32,1/4/2022,League,1029,"Sheraton Grand, Whitefield, Bengaluru",28,Haryana Steelers,5,U Mumba,5,court,24,24,,Tie,0,True,15,9,0,0,12,9,2,1,38,12,10,16,0,39,10,9,20,0,18,9,0,18,9,0,0,1
2732,8,Match 33,1/4/2022,League,1029,"Sheraton Grand, Whitefield, Bengaluru",30,U.P. Yoddha,29,Tamil Thalaivas,29,court,33,39,29.0,Tamil Thalaivas,6,False,22,9,2,0,21,11,4,3,44,16,11,17,1,45,19,7,19,0,19,7,2,26,11,0,1,2
2733,8,Match 34,1/5/2022,League,1029,"Sheraton Grand, Whitefield, Bengaluru",7,Puneri Paltan,31,Gujarat Giants,31,court,33,26,7.0,Puneri Paltan,7,False,18,7,4,4,19,7,0,0,40,17,5,18,0,41,16,8,17,0,17,7,0,21,5,2,2,0
2734,8,Match 35,1/5/2022,League,1029,"Sheraton Grand, Whitefield, Bengaluru",2,Dabang Delhi K.C.,8,Telugu Titans,2,court,36,35,2.0,Dabang Delhi K.C.,1,False,26,6,2,2,25,4,4,2,36,25,4,7,0,35,18,6,11,1,27,6,0,19,3,1,1,2
2735,8,Match 36,1/6/2022,League,1029,"Sheraton Grand, Whitefield, Bengaluru",6,Patna Pirates,29,Tamil Thalaivas,29,court,30,30,,Tie,0,True,20,8,2,0,20,8,2,0,43,14,8,21,0,42,15,8,19,0,25,8,0,21,8,0,1,1
2736,8,Match 37,1/6/2022,League,1029,"Sheraton Grand, Whitefield, Bengaluru",1,Bengaluru Bulls,3,Jaipur Pink Panthers,3,court,38,31,1.0,Bengaluru Bulls,7,False,21,12,4,1,22,7,2,0,40,17,7,16,0,41,17,11,13,0,27,11,1,22,7,0,2,1
2737,8,Match 38,1/7/2022,League,1029,"Sheraton Grand, Whitefield, Bengaluru",4,Bengal Warriors,28,Haryana Steelers,28,court,37,41,28.0,Haryana Steelers,4,False,21,13,2,1,24,12,4,1,42,17,11,14,0,43,19,11,13,0,31,11,2,19,11,1,1,2
2738,8,Match 39,1/7/2022,League,1029,"Sheraton Grand, Whitefield, Bengaluru",3,Jaipur Pink Panthers,7,Puneri Paltan,7,court,31,26,3.0,Jaipur Pink Panthers,5,False,15,11,4,1,16,8,2,0,38,13,7,18,0,38,11,11,16,0,22,11,0,17,7,1,2,1
2739,8,Match 40,1/8/2022,League,1029,"Sheraton Grand, Whitefield, Bengaluru",30,U.P. Yoddha,2,Dabang Delhi K.C.,2,court,33,37,2.0,Dabang Delhi K.C.,4,False,21,10,2,0,25,8,2,2,42,18,9,15,0,43,21,9,13,0,25,9,1,25,8,0,1,1
2740,8,Match 41,1/8/2022,League,1029,"Sheraton Grand, Whitefield, Bengaluru",5,U Mumba,8,Telugu Titans,5,court,48,38,5.0,U Mumba,10,False,24,17,6,1,23,12,2,1,44,21,11,12,0,43,14,17,12,0,29,17,0,30,10,2,3,1
2741,8,Match 42,1/8/2022,League,1029,"Sheraton Grand, Whitefield, Bengaluru",31,Gujarat Giants,6,Patna Pirates,31,court,26,27,6.0,Patna Pirates,1,False,16,9,0,1,14,11,2,0,42,12,9,21,0,42,12,8,22,0,19,7,2,22,9,2,0,1
2742,8,Match 43,1/9/2022,League,1029,"Sheraton Grand, Whitefield, Bengaluru",7,Puneri Paltan,4,Bengal Warriors,7,court,39,27,7.0,Puneri Paltan,12,False,20,13,4,2,25,2,0,0,38,17,1,20,0,39,18,11,10,1,27,10,3,16,1,1,2,0
2743,8,Match 44,1/9/2022,League,1029,"Sheraton Grand, Whitefield, Bengaluru",1,Bengaluru Bulls,30,U.P. Yoddha,30,court,27,42,30.0,U.P. Yoddha,15,False,20,7,0,0,18,22,2,0,42,16,16,10,1,41,16,7,18,0,19,7,0,32,16,6,0,1
2744,8,Match 45,1/10/2022,League,1029,"Sheraton Grand, Whitefield, Bengaluru",29,Tamil Thalaivas,28,Haryana Steelers,29,court,45,26,29.0,Tamil Thalaivas,19,False,17,18,8,2,13,10,2,1,41,16,9,16,0,42,9,18,15,0,27,18,0,25,9,1,4,1
2745,8,Match 46,1/10/2022,League,1029,"Sheraton Grand, Whitefield, Bengaluru",3,Jaipur Pink Panthers,2,Dabang Delhi K.C.,2,court,30,28,3.0,Jaipur Pink Panthers,2,False,16,12,2,0,16,9,2,1,39,14,8,17,0,38,13,11,14,0,24,11,1,20,8,1,1,1
2746,8,Match 47,1/11/2022,League,1029,"Sheraton Grand, Whitefield, Bengaluru",6,Patna Pirates,5,U Mumba,5,court,43,23,6.0,Patna Pirates,20,False,19,18,4,2,12,9,0,2,40,14,8,18,0,40,11,15,14,0,24,15,3,25,7,2,2,0
2747,8,Match 48,1/11/2022,League,1029,"Sheraton Grand, Whitefield, Bengaluru",8,Telugu Titans,31,Gujarat Giants,8,court,22,40,31.0,Gujarat Giants,18,False,16,5,0,1,23,13,4,0,41,15,11,15,0,41,17,5,19,2,22,5,0,23,11,2,0,2
2748,8,Match 49,1/12/2022,League,1029,"Sheraton Grand, Whitefield, Bengaluru",28,Haryana Steelers,30,U.P. Yoddha,28,court,36,36,,Tie,0,True,24,10,2,0,24,7,4,1,47,18,8,21,1,48,17,9,22,1,31,9,1,25,7,0,1,2
2749,8,Match 50,1/12/2022,League,1029,"Sheraton Grand, Whitefield, Bengaluru",2,Dabang Delhi K.C.,1,Bengaluru Bulls,1,court,22,61,1.0,Bengaluru Bulls,39,False,16,4,0,2,35,15,10,1,43,13,14,16,0,42,28,5,9,1,29,4,0,21,14,1,0,5
2750,8,Match 51,1/13/2022,League,1029,"Sheraton Grand, Whitefield, Bengaluru",4,Bengal Warriors,29,Tamil Thalaivas,4,court,37,28,4.0,Bengal Warriors,9,False,15,13,4,5,16,10,0,2,38,13,8,17,0,37,13,13,11,0,20,12,1,17,8,2,2,0
2751,8,Match 52,1/13/2022,League,1029,"Sheraton Grand, Whitefield, Bengaluru",5,U Mumba,7,Puneri Paltan,7,court,23,42,7.0,Puneri Paltan,19,False,16,7,0,0,15,18,6,3,40,10,18,12,0,41,13,6,22,2,19,6,1,26,17,1,0,3
2752,8,Match 53,1/14/2022,League,1029,"Sheraton Grand, Whitefield, Bengaluru",3,Jaipur Pink Panthers,6,Patna Pirates,6,court,38,28,3.0,Jaipur Pink Panthers,10,False,20,8,4,6,19,4,0,5,41,17,6,18,0,41,14,11,16,0,21,8,1,21,4,1,2,0
2753,8,Match 54,1/14/2022,League,1029,"Sheraton Grand, Whitefield, Bengaluru",31,Gujarat Giants,1,Bengaluru Bulls,31,court,37,46,1.0,Bengaluru Bulls,9,False,24,11,0,2,26,10,6,4,39,16,11,12,1,39,23,9,7,1,31,9,2,23,10,0,0,3
2754,8,Match 55,1/15/2022,League,1029,"Sheraton Grand, Whitefield, Bengaluru",28,Haryana Steelers,2,Dabang Delhi K.C.,28,court,25,28,2.0,Dabang Delhi K.C.,3,False,15,9,0,1,19,8,0,1,41,14,9,18,0,40,13,9,18,1,20,9,0,17,8,0,0,0
2755,8,Match 56,1/15/2022,League,1029,"Sheraton Grand, Whitefield, Bengaluru",30,U.P. Yoddha,8,Telugu Titans,30,court,39,33,30.0,U.P. Yoddha,6,False,22,15,2,0,21,11,0,1,42,19,10,13,0,42,17,12,13,0,25,12,3,25,10,1,1,0
2756,8,Match 57,1/15/2022,League,1029,"Sheraton Grand, Whitefield, Bengaluru",5,U Mumba,4,Bengal Warriors,5,court,32,32,,Tie,0,True,22,8,0,2,17,10,2,3,39,20,10,9,0,39,13,6,20,1,19,6,2,25,10,0,0,1
2757,8,Match 58,1/16/2022,League,1029,"Sheraton Grand, Whitefield, Bengaluru",29,Tamil Thalaivas,3,Jaipur Pink Panthers,3,court,31,31,,Tie,0,True,16,11,2,2,11,12,2,6,44,10,13,21,1,44,12,11,21,0,17,10,1,25,11,2,1,1
2758,8,Match 59,1/16/2022,League,1029,"Sheraton Grand, Whitefield, Bengaluru",6,Patna Pirates,1,Bengaluru Bulls,6,court,38,31,6.0,Patna Pirates,7,False,16,17,4,1,17,13,0,1,45,14,8,23,0,44,11,18,15,0,24,17,0,23,8,5,2,0
2759,8,Match 60,1/17/2022,League,1029,"Sheraton Grand, Whitefield, Bengaluru",7,Puneri Paltan,30,U.P. Yoddha,7,court,40,50,30.0,U.P. Yoddha,10,False,30,6,2,2,34,9,6,1,39,22,9,8,1,39,19,8,12,3,34,6,0,31,9,0,1,3
2760,8,Match 61,1/17/2022,League,1029,"Sheraton Grand, Whitefield, Bengaluru",8,Telugu Titans,4,Bengal Warriors,4,court,27,28,4.0,Bengal Warriors,1,False,15,10,0,2,16,8,2,2,39,10,9,20,1,39,15,10,14,0,23,10,0,15,8,1,0,1
2761,8,Match 62,1/18/2022,League,1029,"Sheraton Grand, Whitefield, Bengaluru",2,Dabang Delhi K.C.,6,Patna Pirates,2,court,32,29,2.0,Dabang Delhi K.C.,3,False,20,10,2,0,17,9,2,1,42,12,9,21,1,43,15,10,18,0,22,10,0,22,9,0,1,1
2762,8,Match 63,1/18/2022,League,1029,"Sheraton Grand, Whitefield, Bengaluru",31,Gujarat Giants,5,U Mumba,31,court,24,24,,Tie,0,True,14,9,0,1,15,8,0,1,39,12,8,19,0,40,11,10,19,0,19,9,0,17,7,1,0,0
2763,8,Match 65,1/19/2022,League,1029,"Sheraton Grand, Whitefield, Bengaluru",28,Haryana Steelers,7,Puneri Paltan,28,court,37,30,28.0,Haryana Steelers,7,False,14,16,4,3,16,9,0,5,42,13,9,20,0,42,15,15,12,0,26,15,1,21,8,1,2,0
2764,8,Match 65,1/19/2022,League,1029,"Sheraton Grand, Whitefield, Bengaluru",3,Jaipur Pink Panthers,8,Telugu Titans,8,court,34,35,8.0,Telugu Titans,1,False,21,10,2,1,21,7,4,3,39,15,8,16,1,40,18,10,12,1,28,10,0,19,6,1,1,2
2765,8,Match 66,1/20/2022,League,1029,"Sheraton Grand, Whitefield, Bengaluru",29,Tamil Thalaivas,31,Gujarat Giants,31,court,35,37,31.0,Gujarat Giants,2,False,23,10,2,0,23,9,4,1,44,17,10,17,0,44,17,9,18,1,25,9,1,22,9,0,1,2
2789,8,Match 68,1/21/2022,League,1029,"Sheraton Grand, Whitefield, Bengaluru",2,Dabang Delhi K.C.,28,Haryana Steelers,28,court,33,36,28.0,Haryana Steelers,3,False,21,4,2,6,23,8,2,3,39,17,9,13,0,40,20,4,16,0,19,4,0,21,8,0,1,1
2790,8,Match 69,1/21/2022,League,1029,"Sheraton Grand, Whitefield, Bengaluru",4,Bengal Warriors,30,U.P. Yoddha,4,court,36,40,30.0,U.P. Yoddha,4,False,30,4,0,2,20,12,4,4,45,20,12,13,1,45,19,6,20,0,18,4,0,27,11,1,0,2
2792,8,Match 71,1/22/2022,League,1029,"Sheraton Grand, Whitefield, Bengaluru",5,U Mumba,8,Telugu Titans,8,court,42,35,5.0,U Mumba,7,False,24,12,2,4,18,12,2,3,44,18,12,14,1,44,13,14,17,1,26,11,2,30,11,1,1,1
2793,8,Match 72,1/22/2022,League,1029,"Sheraton Grand, Whitefield, Bengaluru",3,Jaipur Pink Panthers,29,Tamil Thalaivas,29,court,34,34,,Tie,0,True,23,4,2,5,25,6,2,1,42,20,6,16,0,41,18,4,19,1,25,4,0,23,5,1,1,1
2794,8,Match 73,1/23/2022,League,1029,"Sheraton Grand, Whitefield, Bengaluru",30,U.P. Yoddha,28,Haryana Steelers,28,court,35,36,28.0,Haryana Steelers,1,False,22,10,2,1,18,14,2,2,40,15,12,13,2,41,14,9,18,0,22,9,1,26,12,2,1,1
2796,8,Match 75,1/24/2022,League,1029,"Sheraton Grand, Whitefield, Bengaluru",4,Bengal Warriors,3,Jaipur Pink Panthers,3,court,41,22,4.0,Bengal Warriors,19,False,24,10,6,1,18,4,0,0,42,18,4,20,1,42,14,10,18,1,21,10,0,26,4,0,3,0
2797,8,Match 76,1/24/2022,League,1029,"Sheraton Grand, Whitefield, Bengaluru",7,Puneri Paltan,2,Dabang Delhi K.C.,7,court,42,25,7.0,Puneri Paltan,17,False,21,13,6,2,19,4,0,2,40,18,5,17,0,41,13,14,14,0,22,13,0,20,3,1,3,0
2804,8,Match 80,1/28/2022,League,1029,"Sheraton Grand, Whitefield, Bengaluru",6,Patna Pirates,29,Tamil Thalaivas,29,court,52,24,6.0,Patna Pirates,28,False,21,21,8,2,14,9,0,1,43,20,8,15,0,43,11,22,10,0,29,21,0,26,8,1,4,0
2821,8,Match 67,1/20/2022,League,1029,"Sheraton Grand, Whitefield, Bengaluru",1,Bengaluru Bulls,4,Bengal Warriors,1,court,39,40,4.0,Bengal Warriors,1,False,25,10,2,2,20,10,2,8,43,22,11,10,0,44,17,12,15,0,17,10,0,26,10,0,1,1
2822,8,Match 70,1/22/2022,League,1029,"Sheraton Grand, Whitefield, Bengaluru",1,Bengaluru Bulls,7,Puneri Paltan,1,court,35,37,7.0,Puneri Paltan,2,False,24,8,0,3,20,13,4,0,42,21,13,8,0,43,14,8,21,0,24,7,1,25,13,0,0,2
2823,8,Match 74,1/23/2022,League,1029,"Sheraton Grand, Whitefield, Bengaluru",8,Telugu Titans,1,Bengaluru Bulls,1,court,31,36,1.0,Bengaluru Bulls,5,False,15,12,2,2,22,9,2,3,47,14,10,23,0,46,19,12,15,0,24,12,0,19,9,0,1,1
2824,8,Match 77,1/25/2022,League,1029,"Sheraton Grand, Whitefield, Bengaluru",28,Haryana Steelers,8,Telugu Titans,28,court,39,39,,Tie,0,True,26,8,4,1,22,13,4,0,40,20,12,8,1,40,16,8,16,1,22,8,0,28,12,1,2,2
2825,8,Match 78,1/26/2022,League,1029,"Sheraton Grand, Whitefield, Bengaluru",5,U Mumba,1,Bengaluru Bulls,1,court,45,34,5.0,U Mumba,11,False,21,17,6,1,22,7,2,3,44,17,9,18,0,44,18,15,11,1,30,15,2,25,7,0,3,1
2826,8,Match 79,1/27/2022,League,1029,"Sheraton Grand, Whitefield, Bengaluru",30,U.P. Yoddha,7,Puneri Paltan,30,court,38,44,7.0,Puneri Paltan,6,False,29,2,4,3,24,14,4,2,40,17,15,8,2,40,18,3,19,1,20,2,0,39,14,0,2,2
2827,8,Match 81,1/29/2022,League,1029,"Sheraton Grand, Whitefield, Bengaluru",31,Gujarat Giants,2,Dabang Delhi K.C.,31,court,22,41,2.0,Dabang Delhi K.C.,19,False,14,6,0,2,20,17,4,0,40,12,15,13,0,39,15,5,19,1,21,5,1,26,15,2,0,2
2829,8,Match 82,1/30/2022,League,1029,"Sheraton Grand, Whitefield, Bengaluru",6,Patna Pirates,3,Jaipur Pink Panthers,6,court,30,51,3.0,Jaipur Pink Panthers,21,False,24,5,0,1,27,14,6,4,40,19,14,7,0,41,24,5,12,0,27,4,1,32,14,0,0,3
2830,8,Match 83,1/30/2022,League,1029,"Sheraton Grand, Whitefield, Bengaluru",29,Tamil Thalaivas,1,Bengaluru Bulls,29,court,42,24,29.0,Tamil Thalaivas,18,False,17,17,6,2,17,6,0,1,43,16,5,22,0,44,13,19,12,0,29,17,0,20,5,1,3,0
2831,8,Match 84,1/31/2022,League,1029,"Sheraton Grand, Whitefield, Bengaluru",28,Haryana Steelers,31,Gujarat Giants,28,court,26,32,31.0,Gujarat Giants,6,False,19,5,0,2,20,9,2,1,39,17,9,13,0,39,15,6,18,0,22,4,1,25,9,0,0,1
2832,8,Match 85,1/31/2022,League,1029,"Sheraton Grand, Whitefield, Bengaluru",2,Dabang Delhi K.C.,5,U Mumba,2,court,36,30,2.0,Dabang Delhi K.C.,6,False,25,8,2,1,18,10,2,0,42,19,8,15,0,42,16,9,17,0,23,8,0,25,8,2,1,1
2833,8,Match 86,2/1/2022,League,1029,"Sheraton Grand, Whitefield, Bengaluru",4,Bengal Warriors,31,Gujarat Giants,31,court,25,34,31.0,Gujarat Giants,9,False,17,8,0,0,20,12,2,0,42,13,10,19,0,41,11,7,23,2,25,7,1,24,10,2,0,1
2834,8,Match 87,2/1/2022,League,1029,"Sheraton Grand, Whitefield, Bengaluru",1,Bengaluru Bulls,30,U.P. Yoddha,1,court,31,26,1.0,Bengaluru Bulls,5,False,14,15,2,0,13,13,0,0,42,12,11,19,0,41,10,14,17,0,23,14,1,22,11,2,1,0
2835,8,Match 88,2/2/2022,League,1029,"Sheraton Grand, Whitefield, Bengaluru",30,U.P. Yoddha,6,Patna Pirates,6,court,35,37,6.0,Patna Pirates,2,False,23,8,2,2,20,12,4,1,46,15,13,18,0,45,16,8,21,0,25,7,1,28,12,0,1,2
2836,8,Match 89,2/2/2022,League,1029,"Sheraton Grand, Whitefield, Bengaluru",7,Puneri Paltan,5,U Mumba,7,court,36,34,7.0,Puneri Paltan,2,False,20,11,2,3,21,8,2,3,39,15,9,15,1,39,17,10,12,0,24,9,2,23,7,1,1,1
2837,8,Match 90,2/3/2022,League,1029,"Sheraton Grand, Whitefield, Bengaluru",3,Jaipur Pink Panthers,2,Dabang Delhi K.C.,2,court,36,30,3.0,Jaipur Pink Panthers,6,False,21,12,2,1,21,7,0,2,41,19,5,17,0,41,16,12,13,0,27,11,1,20,5,2,1,0
2838,8,Match 91,2/3/2022,League,1029,"Sheraton Grand, Whitefield, Bengaluru",8,Telugu Titans,29,Tamil Thalaivas,29,court,25,43,29.0,Tamil Thalaivas,18,False,13,9,0,3,21,17,4,1,42,12,17,13,0,43,14,11,18,1,24,9,0,28,16,1,0,2
2839,8,Match 92,2/4/2022,League,1029,"Sheraton Grand, Whitefield, Bengaluru",28,Haryana Steelers,4,Bengal Warriors,4,court,46,29,28.0,Haryana Steelers,17,False,20,14,6,6,23,4,0,2,40,19,6,15,1,40,14,15,11,1,26,14,0,21,4,0,3,0
2840,8,Match 93,2/4/2022,League,1029,"Sheraton Grand, Whitefield, Bengaluru",2,Dabang Delhi K.C.,1,Bengaluru Bulls,2,court,36,36,,Tie,0,True,21,11,4,0,21,9,4,2,40,17,9,14,0,40,18,11,11,0,26,11,0,24,9,0,2,2
2841,8,Match 94,2/4/2022,League,1029,"Sheraton Grand, Whitefield, Bengaluru",31,Gujarat Giants,6,Patna Pirates,6,court,23,43,6.0,Patna Pirates,20,False,12,7,2,2,21,14,6,2,42,9,14,19,1,42,13,7,22,2,23,6,1,24,14,0,1,3
2842,8,Match 95,2/5/2022,League,1029,"Sheraton Grand, Whitefield, Bengaluru",5,U Mumba,29,Tamil Thalaivas,29,court,35,33,5.0,U Mumba,2,False,18,12,4,1,16,12,4,1,42,12,11,19,1,42,10,13,19,0,24,12,0,26,10,2,2,2
2843,8,Match 96,2/5/2022,League,1029,"Sheraton Grand, Whitefield, Bengaluru",30,U.P. Yoddha,8,Telugu Titans,8,court,39,35,30.0,U.P. Yoddha,4,False,23,9,4,3,23,10,2,0,44,20,8,16,0,43,17,9,17,0,26,9,0,26,8,2,2,1
2845,8,Match 98,2/6/2022,League,1029,"Sheraton Grand, Whitefield, Bengaluru",6,Patna Pirates,4,Bengal Warriors,4,court,38,29,6.0,Patna Pirates,9,False,22,11,4,1,24,3,0,2,42,19,3,20,0,42,15,12,15,0,25,11,0,23,3,0,2,0
2846,8,Match 99,2/6/2022,League,1029,"Sheraton Grand, Whitefield, Bengaluru",1,Bengaluru Bulls,31,Gujarat Giants,31,court,36,40,31.0,Gujarat Giants,4,False,24,8,2,2,23,11,2,4,46,18,10,18,1,46,17,9,20,1,26,8,0,29,9,2,1,1
2848,8,Match 97,2/5/2022,League,1029,"Sheraton Grand, Whitefield, Bengaluru",3,Jaipur Pink Panthers,28,Haryana Steelers,3,court,28,35,28.0,Haryana Steelers,7,False,16,10,0,2,18,13,2,2,39,14,11,14,0,39,18,9,12,0,25,9,1,21,11,2,0,1
2850,8,Match 100,2/7/2022,League,1029,"Sheraton Grand, Whitefield, Bengaluru",31,Gujarat Giants,3,Jaipur Pink Panthers,31,court,31,36,3.0,Jaipur Pink Panthers,5,False,20,9,2,0,19,15,2,0,41,16,15,10,0,41,16,6,19,0,22,6,3,30,15,0,1,1
2851,8,Match 101,2/7/2022,League,1029,"Sheraton Grand, Whitefield, Bengaluru",4,Bengal Warriors,8,Telugu Titans,8,court,32,32,,Tie,0,True,21,8,2,1,18,10,2,2,37,12,10,15,1,38,15,6,17,0,17,6,2,24,10,0,1,1
2852,8,Match 102,2/8/2022,League,1029,"Sheraton Grand, Whitefield, Bengaluru",29,Tamil Thalaivas,28,Haryana Steelers,29,court,29,37,28.0,Haryana Steelers,8,False,20,8,0,1,24,9,4,0,42,17,9,16,0,43,18,7,18,3,28,7,1,19,9,0,0,2
2853,8,Match 103,2/8/2022,League,1029,"Sheraton Grand, Whitefield, Bengaluru",5,U Mumba,6,Patna Pirates,5,court,36,47,6.0,Patna Pirates,11,False,26,8,2,0,30,10,6,1,42,20,10,12,1,43,20,6,17,3,32,6,2,32,10,0,1,3
2854,8,Match 104,2/9/2022,League,1029,"Sheraton Grand, Whitefield, Bengaluru",29,Tamil Thalaivas,30,U.P. Yoddha,29,court,39,41,30.0,U.P. Yoddha,2,False,29,9,0,1,25,9,4,3,45,24,8,13,1,46,19,9,18,1,31,8,1,25,8,1,0,2
2855,8,Match 105,2/9/2022,League,1029,"Sheraton Grand, Whitefield, Bengaluru",8,Telugu Titans,31,Gujarat Giants,8,court,32,34,31.0,Gujarat Giants,2,False,19,9,2,2,20,6,2,6,40,14,8,18,1,41,19,9,13,0,25,8,2,20,6,1,1,1
2856,8,Match 106,2/10/2022,League,1029,"Sheraton Grand, Whitefield, Bengaluru",4,Bengal Warriors,2,Dabang Delhi K.C.,2,court,39,39,,Tie,0,True,22,10,4,3,28,7,2,2,40,18,7,15,0,40,24,9,7,1,27,9,1,22,6,1,2,1
2857,8,Match 107,2/10/2022,League,1029,"Sheraton Grand, Whitefield, Bengaluru",7,Puneri Paltan,6,Patna Pirates,6,court,26,43,6.0,Patna Pirates,17,False,19,5,0,2,20,11,6,6,43,13,12,18,1,44,17,6,21,1,23,5,0,21,11,0,0,3
2858,8,Match 108,2/11/2022,League,1029,"Sheraton Grand, Whitefield, Bengaluru",28,Haryana Steelers,7,Puneri Paltan,7,court,27,45,7.0,Puneri Paltan,18,False,19,4,2,2,21,15,6,3,41,15,14,12,0,41,21,4,16,0,20,3,1,29,14,1,1,3
2861,8,Match 110,2/12/2022,League,1029,"Sheraton Grand, Whitefield, Bengaluru",29,Tamil Thalaivas,2,Dabang Delhi K.C.,29,court,31,32,2.0,Dabang Delhi K.C.,1,False,17,7,2,5,19,9,2,2,42,16,11,15,0,42,16,8,18,0,23,7,0,24,9,0,1,1
2862,8,Match 111,2/12/2022,League,1029,"Sheraton Grand, Whitefield, Bengaluru",5,U Mumba,4,Bengal Warriors,5,court,37,27,5.0,U Mumba,10,False,18,16,2,1,17,6,2,2,38,18,7,13,0,39,13,15,11,1,30,15,1,18,6,1,1,1
2863,8,Match 112,2/12/2022,League,1029,"Sheraton Grand, Whitefield, Bengaluru",8,Telugu Titans,7,Puneri Paltan,8,court,31,51,7.0,Puneri Paltan,20,False,19,10,0,2,27,16,6,2,44,13,17,14,0,44,23,8,13,1,29,7,4,29,16,0,0,3
2864,8,Match 113,2/13/2022,League,1029,"Sheraton Grand, Whitefield, Bengaluru",28,Haryana Steelers,5,U Mumba,5,court,37,26,28.0,Haryana Steelers,11,False,25,8,4,0,20,4,2,0,38,21,4,13,1,38,18,8,12,0,24,8,0,22,4,0,2,1
2867,8,Match 109,2/11/2022,League,1029,"Sheraton Grand, Whitefield, Bengaluru",3,Jaipur Pink Panthers,30,U.P. Yoddha,30,court,34,41,30.0,U.P. Yoddha,7,False,19,13,2,0,28,8,4,1,42,19,7,16,0,43,19,12,12,3,36,12,1,22,7,1,1,2
2868,8,Match 114,2/13/2022,League,1029,"Sheraton Grand, Whitefield, Bengaluru",1,Bengaluru Bulls,3,Jaipur Pink Panthers,1,court,45,37,1.0,Bengaluru Bulls,8,False,29,10,4,2,24,6,2,5,42,22,8,12,1,41,24,8,9,0,23,7,3,31,6,0,2,1
2869,8,Match 115,2/13/2022,League,1029,"Sheraton Grand, Whitefield, Bengaluru",30,U.P. Yoddha,31,Gujarat Giants,31,court,31,38,31.0,Gujarat Giants,7,False,19,10,2,0,17,15,4,2,41,15,13,13,1,41,13,9,19,1,23,9,1,30,13,2,1,2
2870,8,Match 116,2/14/2022,League,1029,"Sheraton Grand, Whitefield, Bengaluru",6,Patna Pirates,8,Telugu Titans,8,court,38,30,6.0,Patna Pirates,8,False,20,12,4,2,18,8,2,2,40,17,9,14,0,40,12,13,15,1,24,12,0,26,8,1,2,1
2871,8,Match 117,2/14/2022,League,1029,"Sheraton Grand, Whitefield, Bengaluru",2,Dabang Delhi K.C.,30,U.P. Yoddha,2,court,28,44,30.0,U.P. Yoddha,16,False,18,7,0,3,21,12,6,5,40,15,13,12,0,39,18,9,12,0,22,6,1,20,12,0,0,3
2872,8,Match 118,2/14/2022,League,1029,"Sheraton Grand, Whitefield, Bengaluru",31,Gujarat Giants,7,Puneri Paltan,31,court,31,31,,Tie,0,True,22,6,2,1,17,11,2,1,40,14,11,15,1,39,16,7,16,0,18,6,0,28,11,0,1,1
2873,8,Match 119,2/15/2022,League,1029,"Sheraton Grand, Whitefield, Bengaluru",5,U Mumba,3,Jaipur Pink Panthers,5,court,28,44,3.0,Jaipur Pink Panthers,16,False,22,5,0,1,24,15,4,1,38,14,13,11,1,38,17,5,16,3,24,5,0,28,13,2,0,2
2874,8,Match 120,2/15/2022,League,1029,"Sheraton Grand, Whitefield, Bengaluru",6,Patna Pirates,1,Bengaluru Bulls,1,court,36,34,6.0,Patna Pirates,2,False,16,17,2,1,18,13,2,1,40,14,11,15,0,40,12,16,12,1,31,16,1,20,11,2,1,1
2875,8,Match 121,2/15/2022,League,1029,"Sheraton Grand, Whitefield, Bengaluru",7,Puneri Paltan,29,Tamil Thalaivas,7,court,43,31,7.0,Puneri Paltan,12,False,21,15,2,5,21,6,0,4,44,18,7,19,0,43,13,14,16,1,28,12,4,18,6,0,1,0
2876,8,Match 122,2/16/2022,League,1029,"Sheraton Grand, Whitefield, Bengaluru",4,Bengal Warriors,29,Tamil Thalaivas,29,court,52,21,4.0,Bengal Warriors,31,False,29,13,8,2,16,4,0,1,40,21,4,15,1,40,12,15,13,0,21,13,0,30,4,0,4,0
2878,8,Match 124,2/17/2022,League,1029,"Sheraton Grand, Whitefield, Bengaluru",30,U.P. Yoddha,5,U Mumba,30,court,35,28,30.0,U.P. Yoddha,7,False,17,13,4,1,13,12,2,1,39,12,11,16,2,39,10,13,16,0,24,13,0,26,11,1,2,1
2879,8,Match 125,2/17/2022,League,1029,"Sheraton Grand, Whitefield, Bengaluru",1,Bengaluru Bulls,28,Haryana Steelers,1,court,46,24,1.0,Bengaluru Bulls,22,False,19,19,6,2,13,8,0,3,40,17,9,14,0,40,9,17,14,1,24,17,2,22,7,2,3,0
2880,8,Match 126,2/17/2022,League,1029,"Sheraton Grand, Whitefield, Bengaluru",2,Dabang Delhi K.C.,6,Patna Pirates,6,court,26,23,2.0,Dabang Delhi K.C.,3,False,10,11,0,5,7,16,0,0,42,9,15,18,0,42,7,12,23,0,17,11,0,20,15,1,0,0
2881,8,Match 127,2/18/2022,League,1029,"Sheraton Grand, Whitefield, Bengaluru",7,Puneri Paltan,4,Bengal Warriors,7,court,36,43,4.0,Bengal Warriors,7,False,20,12,2,2,28,9,4,2,42,18,9,15,1,43,18,10,15,3,30,10,2,24,8,1,1,2
2882,8,Match 128,2/18/2022,League,1029,"Sheraton Grand, Whitefield, Bengaluru",8,Telugu Titans,2,Dabang Delhi K.C.,2,court,32,40,2.0,Dabang Delhi K.C.,8,False,21,9,0,2,19,15,4,2,43,17,14,12,0,42,17,7,18,0,23,7,2,28,14,1,0,2
2883,8,Match 129,2/18/2022,League,1029,"Sheraton Grand, Whitefield, Bengaluru",29,Tamil Thalaivas,31,Gujarat Giants,31,court,33,43,31.0,Gujarat Giants,10,False,18,11,2,2,21,14,6,2,41,13,14,14,0,42,19,12,11,0,30,11,0,24,14,0,1,3
2884,8,Match 130,2/19/2022,League,1029,"Sheraton Grand, Whitefield, Bengaluru",3,Jaipur Pink Panthers,7,Puneri Paltan,7,court,30,37,7.0,Puneri Paltan,7,False,23,5,2,0,20,11,4,2,42,15,12,15,0,42,17,5,20,1,23,5,0,24,10,1,1,2
2885,8,Match 131,2/19/2022,League,1029,"Sheraton Grand, Whitefield, Bengaluru",31,Gujarat Giants,5,U Mumba,31,court,36,33,31.0,Gujarat Giants,3,False,21,10,4,1,22,7,2,2,40,16,7,17,0,39,17,11,11,0,26,10,0,27,7,0,2,1
2886,8,Match 132,2/19/2022,League,1029,"Sheraton Grand, Whitefield, Bengaluru",6,Patna Pirates,28,Haryana Steelers,28,court,30,27,6.0,Patna Pirates,3,False,15,10,2,3,15,9,2,1,41,12,8,21,0,40,12,11,17,0,19,9,1,17,8,1,1,1
2887,8,Eliminator 1,2/21/2022,Playoffs,1029,"Sheraton Grand, Whitefield, Bengaluru",30,U.P. Yoddha,7,Puneri Paltan,30,court,42,31,30.0,U.P. Yoddha,11,False,24,10,6,2,21,8,2,0,42,14,7,21,3,42,16,11,15,0,22,10,0,28,7,1,3,1
2888,8,Eliminator 2,2/21/2022,Playoffs,1029,"Sheraton Grand, Whitefield, Bengaluru",31,Gujarat Giants,1,Bengaluru Bulls,1,court,29,49,1.0,Bengaluru Bulls,20,False,20,5,0,4,24,16,6,3,39,14,15,10,0,39,18,8,13,1,22,4,1,27,14,2,0,3
2889,8,Semi Final 1,2/23/2022,Semi Final,1029,"Sheraton Grand, Whitefield, Bengaluru",6,Patna Pirates,30,U.P. Yoddha,6,court,38,27,6.0,Patna Pirates,11,False,16,16,6,0,15,9,2,1,43,14,6,23,0,44,13,16,15,0,25,16,0,22,6,3,3,1
2890,8,Semi Final 2,2/23/2022,Semi Final,1029,"Sheraton Grand, Whitefield, Bengaluru",2,Dabang Delhi K.C.,1,Bengaluru Bulls,2,court,40,35,2.0,Dabang Delhi K.C.,5,False,23,11,4,2,24,9,0,2,41,18,9,14,2,41,20,10,11,0,26,10,1,29,8,1,2,0
2891,8,Final,2/25/2022,Final,1029,"Sheraton Grand, Whitefield, Bengaluru",6,Patna Pirates,2,Dabang Delhi K.C.,6,court,36,37,2.0,Dabang Delhi K.C.,1,False,29,4,2,1,27,4,2,4,44,26,4,14,0,44,23,5,16,2,23,4,0,23,4,0,1,1
2892,9,Match 1,10/7/2022,League,10,"Shree Kanteerava Indoor Stadium, Bengaluru",2,Dabang Delhi K.C.,5,U Mumba,2,court,41,27,2.0,Dabang Delhi K.C.,14,False,20,15,4,2,15,12,0,0,41,17,9,15,0,40,13,16,11,0,25,15,0,26,9,3,2,0
2893,9,Match 2,10/7/2022,League,10,"Shree Kanteerava Indoor Stadium, Bengaluru",1,Bengaluru Bulls,8,Telugu Titans,1,court,34,29,1.0,Bengaluru Bulls,5,False,15,12,4,3,18,7,2,2,39,14,7,18,0,40,14,13,13,1,23,12,0,19,7,0,2,1
2894,9,Match 3,10/7/2022,League,10,"Shree Kanteerava Indoor Stadium, Bengaluru",3,Jaipur Pink Panthers,30,U.P. Yoddhas,3,court,32,34,30.0,U.P. Yoddhas,2,False,18,9,4,1,17,13,2,2,40,14,12,14,2,39,14,9,16,0,20,9,0,28,12,1,2,1
2895,9,Match 4,10/8/2022,League,10,"Shree Kanteerava Indoor Stadium, Bengaluru",6,Patna Pirates,7,Puneri Paltan,6,court,34,34,,Tie,0,True,18,10,4,2,22,9,2,1,42,13,8,21,0,43,18,11,14,0,22,10,0,23,8,1,2,1
2896,9,Match 5,10/8/2022,League,10,"Shree Kanteerava Indoor Stadium, Bengaluru",31,Gujarat Giants,29,Tamil Thalaivas,29,court,31,31,,Tie,0,True,23,6,2,0,19,8,2,2,42,17,8,17,0,43,17,6,20,0,18,6,0,27,8,0,1,1
2897,9,Match 6,10/8/2022,League,10,"Shree Kanteerava Indoor Stadium, Bengaluru",4,Bengal Warriors,28,Haryana Steelers,28,court,33,41,28.0,Haryana Steelers,8,False,19,7,2,5,27,10,2,2,43,20,11,12,0,42,18,8,16,3,26,7,0,24,9,1,1,1
2898,9,Match 7,10/9/2022,League,10,"Shree Kanteerava Indoor Stadium, Bengaluru",3,Jaipur Pink Panthers,6,Patna Pirates,3,court,35,30,3.0,Jaipur Pink Panthers,5,False,23,8,4,0,22,7,0,1,40,18,7,15,1,39,16,8,15,1,21,8,0,27,7,0,2,0
2899,9,Match 8,10/9/2022,League,10,"Shree Kanteerava Indoor Stadium, Bengaluru",8,Telugu Titans,4,Bengal Warriors,8,court,25,45,4.0,Bengal Warriors,20,False,19,5,0,1,27,11,6,1,41,13,12,16,1,40,20,4,16,2,27,4,1,23,11,0,0,3
2900,9,Match 9,10/9/2022,League,10,"Shree Kanteerava Indoor Stadium, Bengaluru",7,Puneri Paltan,1,Bengaluru Bulls,1,court,39,41,1.0,Bengaluru Bulls,2,False,24,9,4,2,26,10,4,1,42,25,8,9,0,43,18,9,16,2,26,9,0,29,8,2,2,2
2901,9,Match 10,10/10/2022,League,10,"Shree Kanteerava Indoor Stadium, Bengaluru",5,U Mumba,30,U.P. Yoddhas,30,court,30,23,5.0,U Mumba,7,False,13,14,2,1,12,11,0,0,41,11,9,21,0,41,10,14,17,0,24,14,0,18,9,2,1,0
2902,9,Match 11,10/10/2022,League,10,"Shree Kanteerava Indoor Stadium, Bengaluru",2,Dabang Delhi K.C.,31,Gujarat Giants,2,court,53,33,2.0,Dabang Delhi K.C.,20,False,28,15,6,4,27,6,0,0,43,24,6,13,1,43,20,15,8,0,31,14,1,29,6,0,3,0
2903,9,Match 12,10/11/2022,League,10,"Shree Kanteerava Indoor Stadium, Bengaluru",28,Haryana Steelers,29,Tamil Thalaivas,29,court,27,22,28.0,Haryana Steelers,5,False,11,12,2,2,7,13,0,2,43,10,12,21,0,42,7,13,22,0,18,12,0,22,11,2,1,0
2904,9,Match 13,10/11/2022,League,10,"Shree Kanteerava Indoor Stadium, Bengaluru",6,Patna Pirates,8,Telugu Titans,6,court,21,30,8.0,Telugu Titans,9,False,14,6,0,1,17,10,2,1,41,15,10,16,0,41,14,6,21,0,19,6,0,20,9,1,0,1
2905,9,Match 14,10/12/2022,League,10,"Shree Kanteerava Indoor Stadium, Bengaluru",1,Bengaluru Bulls,4,Bengal Warriors,1,court,33,42,4.0,Bengal Warriors,9,False,18,9,2,4,22,13,4,3,37,15,13,9,0,37,16,9,12,2,25,8,1,24,13,0,1,2
2906,9,Match 15,10/12/2022,League,10,"Shree Kanteerava Indoor Stadium, Bengaluru",30,U.P. Yoddhas,2,Dabang Delhi K.C.,30,court,42,44,2.0,Dabang Delhi K.C.,2,False,29,8,4,1,27,10,4,3,39,23,11,5,1,40,19,9,12,1,27,8,0,32,10,0,2,2
2907,9,Match 16,10/14/2022,League,10,"Shree Kanteerava Indoor Stadium, Bengaluru",29,Tamil Thalaivas,5,U Mumba,5,court,32,39,5.0,U Mumba,7,False,22,8,0,2,28,7,4,0,42,21,7,14,0,42,21,8,13,1,33,8,0,20,7,0,0,2
2908,9,Match 17,10/14/2022,League,10,"Shree Kanteerava Indoor Stadium, Bengaluru",28,Haryana Steelers,3,Jaipur Pink Panthers,28,court,31,44,3.0,Jaipur Pink Panthers,13,False,20,9,0,2,22,13,6,3,41,16,12,13,1,42,19,7,16,0,29,7,2,23,11,2,0,3
2909,9,Match 18,10/14/2022,League,10,"Shree Kanteerava Indoor Stadium, Bengaluru",31,Gujarat Giants,7,Puneri Paltan,7,court,47,37,31.0,Gujarat Giants,10,False,24,12,6,5,29,6,2,0,44,18,6,20,1,44,22,13,9,0,25,12,1,22,6,0,3,1
2910,9,Match 19,10/15/2022,League,10,"Shree Kanteerava Indoor Stadium, Bengaluru",3,Jaipur Pink Panthers,31,Gujarat Giants,3,court,25,18,3.0,Jaipur Pink Panthers,7,False,14,9,0,2,11,6,0,1,43,15,7,21,0,43,10,9,24,0,19,9,0,17,6,0,0,0
2911,9,Match 20,10/15/2022,League,10,"Shree Kanteerava Indoor Stadium, Bengaluru",8,Telugu Titans,2,Dabang Delhi K.C.,8,court,26,46,2.0,Dabang Delhi K.C.,20,False,22,3,0,1,27,14,4,1,42,18,14,10,0,43,24,3,16,1,22,3,0,30,14,0,0,2
2912,9,Match 21,10/15/2022,League,10,"Shree Kanteerava Indoor Stadium, Bengaluru",4,Bengal Warriors,6,Patna Pirates,6,court,54,26,4.0,Bengal Warriors,28,False,29,14,8,3,16,7,0,3,41,20,7,14,3,40,12,14,14,0,25,14,0,33,7,0,4,0
2913,9,Match 22,10/16/2022,League,10,"Shree Kanteerava Indoor Stadium, Bengaluru",7,Puneri Paltan,5,U Mumba,5,court,30,28,7.0,Puneri Paltan,2,False,14,13,2,1,16,7,0,5,39,13,7,19,0,38,13,12,13,0,23,12,1,18,6,1,1,0
2914,9,Match 23,10/16/2022,League,10,"Shree Kanteerava Indoor Stadium, Bengaluru",30,U.P. Yoddhas,1,Bengaluru Bulls,1,court,44,37,30.0,U.P. Yoddhas,7,False,28,8,6,2,25,5,2,5,40,20,5,15,1,40,24,9,7,0,26,8,0,31,5,0,3,1
2915,9,Match 24,10/17/2022,League,10,"Shree Kanteerava Indoor Stadium, Bengaluru",29,Tamil Thalaivas,6,Patna Pirates,6,court,33,32,29.0,Tamil Thalaivas,1,False,24,7,2,0,19,6,4,3,41,14,8,19,2,41,16,7,18,0,24,7,0,22,6,0,1,2
2916,9,Match 25,10/17/2022,League,10,"Shree Kanteerava Indoor Stadium, Bengaluru",2,Dabang Delhi K.C.,28,Haryana Steelers,28,court,38,36,2.0,Dabang Delhi K.C.,2,False,21,12,2,3,22,10,2,2,40,17,10,13,0,39,16,12,11,0,26,11,2,23,9,1,1,1
2917,9,Match 26,10/18/2022,League,10,"Shree Kanteerava Indoor Stadium, Bengaluru",4,Bengal Warriors,3,Jaipur Pink Panthers,3,court,24,39,3.0,Jaipur Pink Panthers,15,False,12,9,0,3,20,13,4,2,41,12,14,15,0,41,19,10,12,0,26,9,0,20,13,0,0,2
2918,9,Match 27,10/18/2022,League,10,"Shree Kanteerava Indoor Stadium, Bengaluru",8,Telugu Titans,7,Puneri Paltan,7,court,25,26,7.0,Puneri Paltan,1,False,17,5,0,3,14,9,2,1,41,13,9,19,1,41,14,6,21,0,18,4,1,19,9,0,0,1
2919,9,Match 28,10/19/2022,League,10,"Shree Kanteerava Indoor Stadium, Bengaluru",31,Gujarat Giants,30,U.P. Yoddhas,31,court,51,45,31.0,Gujarat Giants,6,False,35,7,6,3,33,3,2,7,44,25,4,15,3,43,25,8,10,3,26,7,0,28,3,0,3,1
2920,9,Match 29,10/19/2022,League,10,"Shree Kanteerava Indoor Stadium, Bengaluru",1,Bengaluru Bulls,29,Tamil Thalaivas,29,court,45,28,1.0,Bengaluru Bulls,17,False,22,10,6,7,18,10,0,0,41,19,8,14,1,41,15,11,15,0,16,10,0,28,8,2,3,0
2921,9,Match 30,10/21/2022,League,10,"Shree Kanteerava Indoor Stadium, Bengaluru",5,U Mumba,28,Haryana Steelers,28,court,32,31,5.0,U Mumba,1,False,13,13,4,2,13,13,2,3,41,11,11,19,0,41,13,13,15,0,19,13,0,21,10,3,2,1
2922,9,Match 31,10/21/2022,League,10,"Shree Kanteerava Indoor Stadium, Bengaluru",7,Puneri Paltan,4,Bengal Warriors,7,court,27,25,7.0,Puneri Paltan,2,False,10,14,2,1,16,7,0,2,39,11,8,20,0,38,12,12,14,1,22,12,2,15,6,1,1,0
2923,9,Match 32,10/21/2022,League,10,"Shree Kanteerava Indoor Stadium, Bengaluru",6,Patna Pirates,2,Dabang Delhi K.C.,6,court,37,33,6.0,Patna Pirates,4,False,23,8,4,2,25,6,2,0,43,21,4,18,1,43,19,8,16,1,25,8,0,22,4,2,2,1
2924,9,Match 33,10/22/2022,League,10,"Shree Kanteerava Indoor Stadium, Bengaluru",5,U Mumba,1,Bengaluru Bulls,1,court,32,42,1.0,Bengaluru Bulls,10,False,18,10,4,0,25,9,6,2,40,14,9,17,1,40,20,8,12,1,27,8,2,21,9,0,2,3
2925,9,Match 34,10/22/2022,League,10,"Shree Kanteerava Indoor Stadium, Bengaluru",3,Jaipur Pink Panthers,8,Telugu Titans,8,court,51,27,3.0,Jaipur Pink Panthers,24,False,25,17,8,1,19,6,2,0,41,20,5,16,0,40,13,15,12,0,26,15,2,26,5,1,4,1
2926,9,Match 35,10/22/2022,League,10,"Shree Kanteerava Indoor Stadium, Bengaluru",28,Haryana Steelers,31,Gujarat Giants,31,court,38,42,31.0,Gujarat Giants,4,False,25,10,2,1,23,11,6,2,40,18,11,11,0,41,20,9,12,0,31,9,1,25,11,0,1,3
2927,9,Match 36,10/23/2022,League,10,"Shree Kanteerava Indoor Stadium, Bengaluru",1,Bengaluru Bulls,6,Patna Pirates,6,court,31,31,,Tie,0,True,16,11,2,2,15,14,2,0,43,15,12,16,0,44,11,11,22,2,24,11,0,24,12,2,1,1
2928,9,Match 37,10/23/2022,League,10,"Shree Kanteerava Indoor Stadium, Bengaluru",30,U.P. Yoddhas,29,Tamil Thalaivas,29,court,41,24,30.0,U.P. Yoddhas,17,False,14,19,4,4,12,12,0,0,41,13,11,17,1,41,9,17,15,0,25,17,2,23,11,1,2,0
2929,9,Match 38,10/25/2022,League,10,"Shree Kanteerava Indoor Stadium, Bengaluru",7,Puneri Paltan,3,Jaipur Pink Panthers,7,court,32,24,7.0,Puneri Paltan,8,False,19,7,2,4,17,5,0,2,40,16,5,19,0,40,16,8,16,0,18,5,2,21,5,0,1,0
2930,9,Match 39,10/25/2022,League,10,"Shree Kanteerava Indoor Stadium, Bengaluru",8,Telugu Titans,28,Haryana Steelers,28,court,24,43,28.0,Haryana Steelers,19,False,13,11,0,0,23,13,6,1,42,9,13,20,0,43,17,9,17,1,30,9,2,21,13,0,0,3
2931,9,Match 40,10/26/2022,League,10,"Shree Kanteerava Indoor Stadium, Bengaluru",31,Gujarat Giants,5,U Mumba,5,court,29,37,5.0,U Mumba,8,False,20,4,2,3,22,12,2,1,39,17,10,12,0,40,19,5,16,0,18,4,0,22,9,3,1,1
2932,9,Match 41,10/26/2022,League,10,"Shree Kanteerava Indoor Stadium, Bengaluru",2,Dabang Delhi K.C.,4,Bengal Warriors,4,court,30,35,4.0,Bengal Warriors,5,False,15,10,0,5,14,18,2,1,41,13,16,12,0,41,11,10,20,2,22,10,0,24,16,2,0,1
2933,9,Match 42,10/28/2022,League,1021,"Shree Shivchhatrapati Sports Complex,Balewadi, Pune",29,Tamil Thalaivas,3,Jaipur Pink Panthers,3,court,38,27,29.0,Tamil Thalaivas,11,False,16,15,4,3,17,8,2,0,42,13,8,21,0,42,14,17,11,0,30,15,0,23,8,0,2,1
2934,9,Match 43,10/28/2022,League,1021,"Shree Shivchhatrapati Sports Complex,Balewadi, Pune",28,Haryana Steelers,7,Puneri Paltan,7,court,27,27,,Tie,0,True,18,3,2,4,18,4,2,3,38,16,6,16,0,38,14,4,20,1,16,3,0,19,4,1,1,1
2935,9,Match 44,10/28/2022,League,1021,"Shree Shivchhatrapati Sports Complex,Balewadi, Pune",6,Patna Pirates,30,U.P. Yoddhas,30,court,34,29,6.0,Patna Pirates,5,False,19,10,4,1,20,7,2,0,46,15,5,26,1,45,13,10,22,1,24,10,0,18,5,2,2,1
2936,9,Match 45,10/29/2022,League,1021,"Shree Shivchhatrapati Sports Complex,Balewadi, Pune",1,Bengaluru Bulls,2,Dabang Delhi K.C.,2,court,47,43,1.0,Bengaluru Bulls,4,False,28,10,6,3,31,6,4,2,41,23,7,11,2,40,23,9,8,2,30,9,1,29,6,0,3,2
2937,9,Match 46,10/29/2022,League,1021,"Shree Shivchhatrapati Sports Complex,Balewadi, Pune",8,Telugu Titans,31,Gujarat Giants,31,court,19,30,31.0,Gujarat Giants,11,False,6,11,0,2,12,13,4,1,43,6,13,24,0,43,10,9,24,0,19,9,2,15,13,0,0,2
2938,9,Match 47,10/29/2022,League,1021,"Shree Shivchhatrapati Sports Complex,Balewadi, Pune",4,Bengal Warriors,5,U Mumba,5,court,25,36,5.0,U Mumba,11,False,14,9,0,2,14,19,2,1,43,11,14,18,1,43,10,10,23,1,21,9,0,25,14,5,0,1
2939,9,Match 48,10/30/2022,League,1021,"Shree Shivchhatrapati Sports Complex,Balewadi, Pune",3,Jaipur Pink Panthers,1,Bengaluru Bulls,3,court,31,37,1.0,Bengaluru Bulls,6,False,16,11,2,2,21,11,4,1,46,12,12,22,1,45,13,11,21,1,25,10,1,17,11,0,1,2
2940,9,Match 49,10/30/2022,League,1021,"Shree Shivchhatrapati Sports Complex,Balewadi, Pune",29,Tamil Thalaivas,2,Dabang Delhi K.C.,2,court,49,39,29.0,Tamil Thalaivas,10,False,33,9,6,1,28,2,4,5,42,25,3,14,2,41,21,9,11,1,30,9,0,28,2,0,3,2
2941,9,Match 50,10/31/2022,League,1021,"Shree Shivchhatrapati Sports Complex,Balewadi, Pune",31,Gujarat Giants,6,Patna Pirates,6,court,28,34,6.0,Patna Pirates,6,False,23,3,0,2,21,8,4,1,40,18,8,14,1,41,18,3,20,1,21,3,0,22,8,0,0,2
2942,9,Match 51,10/31/2022,League,1021,"Shree Shivchhatrapati Sports Complex,Balewadi, Pune",30,U.P. Yoddhas,8,Telugu Titans,30,court,43,24,30.0,U.P. Yoddhas,19,False,22,14,6,1,13,9,0,2,42,20,8,14,0,42,11,14,17,0,21,14,0,26,8,1,3,0
2943,9,Match 52,11/1/2022,League,1021,"Shree Shivchhatrapati Sports Complex,Balewadi, Pune",7,Puneri Paltan,2,Dabang Delhi K.C.,2,court,43,38,7.0,Puneri Paltan,5,False,26,11,6,0,27,9,2,0,41,17,8,16,3,42,21,11,10,0,28,11,0,29,8,1,3,1
2944,9,Match 53,11/1/2022,League,1021,"Shree Shivchhatrapati Sports Complex,Balewadi, Pune",28,Haryana Steelers,1,Bengaluru Bulls,28,court,29,27,28.0,Haryana Steelers,2,False,14,12,2,1,18,7,2,0,43,12,7,24,0,44,14,12,18,0,26,11,1,17,7,0,1,1
2945,9,Match 54,11/2/2022,League,1021,"Shree Shivchhatrapati Sports Complex,Balewadi, Pune",5,U Mumba,8,Telugu Titans,8,court,40,37,5.0,U Mumba,3,False,21,13,4,2,22,11,2,2,42,17,9,16,0,41,15,13,13,0,28,13,0,24,9,2,2,1
2946,9,Match 55,11/2/2022,League,1021,"Shree Shivchhatrapati Sports Complex,Balewadi, Pune",4,Bengal Warriors,29,Tamil Thalaivas,4,court,41,41,,Tie,0,True,31,4,4,2,22,12,4,3,39,22,11,6,1,39,19,5,15,1,22,4,0,37,11,1,2,2
2947,9,Match 56,11/4/2022,League,1021,"Shree Shivchhatrapati Sports Complex,Balewadi, Pune",6,Patna Pirates,5,U Mumba,5,court,34,31,6.0,Patna Pirates,3,False,16,11,4,3,16,9,2,4,43,13,10,20,0,43,12,11,20,1,17,9,2,22,9,0,2,1
2948,9,Match 57,11/4/2022,League,1021,"Shree Shivchhatrapati Sports Complex,Balewadi, Pune",2,Dabang Delhi K.C.,3,Jaipur Pink Panthers,2,court,40,45,3.0,Jaipur Pink Panthers,5,False,28,7,2,3,26,8,6,5,42,18,11,13,2,42,23,7,12,1,27,5,2,22,8,0,1,3
2949,9,Match 58,11/4/2022,League,1021,"Shree Shivchhatrapati Sports Complex,Balewadi, Pune",30,U.P. Yoddhas,7,Puneri Paltan,30,court,31,40,7.0,Puneri Paltan,9,False,23,5,2,1,21,14,4,1,40,18,14,8,1,41,16,6,19,0,21,5,0,28,14,0,1,2
2950,9,Match 59,11/5/2022,League,1021,"Shree Shivchhatrapati Sports Complex,Balewadi, Pune",31,Gujarat Giants,4,Bengal Warriors,31,court,40,45,4.0,Bengal Warriors,5,False,26,6,4,4,28,11,4,2,40,21,11,8,1,40,23,7,10,1,24,6,0,30,11,0,2,2
2951,9,Match 60,11/5/2022,League,1021,"Shree Shivchhatrapati Sports Complex,Balewadi, Pune",29,Tamil Thalaivas,8,Telugu Titans,8,court,39,31,29.0,Tamil Thalaivas,8,False,21,13,4,1,18,10,2,1,43,11,10,22,1,43,14,10,19,1,26,10,3,24,10,0,2,1
2952,9,Match 61,11/5/2022,League,1021,"Shree Shivchhatrapati Sports Complex,Balewadi, Pune",28,Haryana Steelers,30,U.P. Yoddhas,28,court,36,36,,Tie,0,True,24,8,2,2,21,10,2,3,43,21,10,12,0,42,17,9,16,0,24,8,0,28,10,0,1,1
2953,9,Match 62,11/6/2022,League,1021,"Shree Shivchhatrapati Sports Complex,Balewadi, Pune",1,Bengaluru Bulls,31,Gujarat Giants,1,court,44,46,31.0,Gujarat Giants,2,False,29,8,4,3,32,9,4,1,44,26,9,9,1,44,22,7,15,1,29,7,1,33,9,0,2,2
2954,9,Match 63,11/6/2022,League,1021,"Shree Shivchhatrapati Sports Complex,Balewadi, Pune",7,Puneri Paltan,29,Tamil Thalaivas,7,court,34,35,29.0,Tamil Thalaivas,1,False,21,11,2,0,19,13,2,1,43,20,11,12,0,43,12,11,20,1,23,11,0,28,11,2,1,1
2955,9,Match 64,11/7/2022,League,1021,"Shree Shivchhatrapati Sports Complex,Balewadi, Pune",5,U Mumba,3,Jaipur Pink Panthers,5,court,39,42,3.0,Jaipur Pink Panthers,3,False,21,10,4,4,25,12,4,1,39,13,12,14,1,39,16,11,12,1,27,10,1,30,12,0,2,2
2956,9,Match 65,11/7/2022,League,1021,"Shree Shivchhatrapati Sports Complex,Balewadi, Pune",6,Patna Pirates,28,Haryana Steelers,28,court,41,32,6.0,Patna Pirates,9,False,18,16,6,1,21,7,2,2,45,13,7,25,1,45,16,17,12,1,29,16,0,21,7,0,3,1
2957,9,Match 66,11/8/2022,League,1021,"Shree Shivchhatrapati Sports Complex,Balewadi, Pune",4,Bengal Warriors,30,U.P. Yoddhas,30,court,41,41,,Tie,0,True,26,9,4,2,28,7,4,2,42,20,7,15,2,41,19,9,13,2,27,8,1,25,7,0,2,2
2958,9,Match 67,11/8/2022,League,1021,"Shree Shivchhatrapati Sports Complex,Balewadi, Pune",2,Dabang Delhi K.C.,8,Telugu Titans,8,court,40,33,2.0,Dabang Delhi K.C.,7,False,21,11,4,4,18,15,0,0,43,16,9,18,1,43,14,11,18,1,23,11,0,27,9,6,2,0
2959,9,Match 68,11/9/2022,League,1021,"Shree Shivchhatrapati Sports Complex,Balewadi, Pune",1,Bengaluru Bulls,28,Haryana Steelers,28,court,36,33,1.0,Bengaluru Bulls,3,False,16,15,4,1,23,8,2,0,41,15,8,18,0,41,17,16,8,0,31,15,0,21,8,0,2,1
2960,9,Match 69,11/9/2022,League,1021,"Shree Shivchhatrapati Sports Complex,Balewadi, Pune",29,Tamil Thalaivas,7,Puneri Paltan,7,court,34,35,7.0,Puneri Paltan,1,False,16,15,2,1,20,13,2,0,44,14,12,18,0,43,16,15,12,0,28,15,0,26,12,1,1,1
2961,9,Match 70,11/11/2022,League,1021,"Shree Shivchhatrapati Sports Complex,Balewadi, Pune",30,U.P. Yoddhas,28,Haryana Steelers,28,court,40,34,30.0,U.P. Yoddhas,6,False,21,13,4,2,21,9,2,2,44,15,9,20,2,44,17,11,16,0,26,11,2,26,8,1,2,1
2962,9,Match 71,11/11/2022,League,1021,"Shree Shivchhatrapati Sports Complex,Balewadi, Pune",5,U Mumba,7,Puneri Paltan,7,court,34,33,5.0,U Mumba,1,False,19,10,4,1,23,7,2,1,39,15,6,18,1,39,15,10,14,0,21,9,1,23,6,1,2,1
2963,9,Match 72,11/11/2022,League,1021,"Shree Shivchhatrapati Sports Complex,Balewadi, Pune",6,Patna Pirates,3,Jaipur Pink Panthers,3,court,37,30,6.0,Patna Pirates,7,False,17,13,4,3,17,9,2,2,43,14,8,21,0,43,14,13,16,0,24,13,0,22,7,2,2,1
2964,9,Match 73,11/12/2022,League,1021,"Shree Shivchhatrapati Sports Complex,Balewadi, Pune",4,Bengal Warriors,31,Gujarat Giants,31,court,46,27,4.0,Bengal Warriors,19,False,29,10,4,3,19,7,0,1,40,23,7,10,0,41,18,11,12,0,23,10,1,28,7,0,2,0
2965,9,Match 74,11/12/2022,League,1021,"Shree Shivchhatrapati Sports Complex,Balewadi, Pune",8,Telugu Titans,30,U.P. Yoddhas,30,court,30,41,30.0,U.P. Yoddhas,11,False,18,10,0,2,21,14,4,2,45,14,12,19,0,46,15,9,22,2,21,7,3,24,12,2,0,2
2966,9,Match 75,11/12/2022,League,1021,"Shree Shivchhatrapati Sports Complex,Balewadi, Pune",3,Jaipur Pink Panthers,2,Dabang Delhi K.C.,2,court,57,32,3.0,Jaipur Pink Panthers,25,False,29,17,8,3,20,9,0,3,39,20,10,9,1,40,12,18,10,0,26,17,0,32,8,2,4,0
2967,9,Match 76,11/13/2022,League,1021,"Shree Shivchhatrapati Sports Complex,Balewadi, Pune",5,U Mumba,6,Patna Pirates,5,court,36,23,5.0,U Mumba,13,False,16,15,4,1,15,7,0,1,44,13,6,25,0,45,12,14,19,0,24,14,1,19,6,1,2,0
2968,9,Match 77,11/13/2022,League,1021,"Shree Shivchhatrapati Sports Complex,Balewadi, Pune",29,Tamil Thalaivas,1,Bengaluru Bulls,1,court,34,40,1.0,Bengaluru Bulls,6,False,18,12,2,2,23,12,4,1,43,15,11,17,0,43,16,12,15,1,26,11,1,23,11,1,1,2
2969,9,Match 78,11/14/2022,League,1021,"Shree Shivchhatrapati Sports Complex,Balewadi, Pune",4,Bengal Warriors,7,Puneri Paltan,7,court,27,43,7.0,Puneri Paltan,16,False,19,6,2,0,24,12,6,1,42,16,13,13,0,41,17,6,18,1,28,6,0,27,12,0,1,3
2970,9,Match 79,11/14/2022,League,1021,"Shree Shivchhatrapati Sports Complex,Balewadi, Pune",31,Gujarat Giants,28,Haryana Steelers,28,court,32,33,28.0,Haryana Steelers,1,False,20,9,2,1,20,9,2,2,39,14,9,16,0,40,18,8,14,0,24,8,1,25,9,0,1,1
2971,9,Match 80,11/15/2022,League,1021,"Shree Shivchhatrapati Sports Complex,Balewadi, Pune",3,Jaipur Pink Panthers,5,U Mumba,3,court,32,22,3.0,Jaipur Pink Panthers,10,False,15,12,4,1,9,12,0,1,44,12,9,23,1,43,6,12,25,0,19,12,0,23,9,3,2,0
2972,9,Match 81,11/15/2022,League,1021,"Shree Shivchhatrapati Sports Complex,Balewadi, Pune",8,Telugu Titans,1,Bengaluru Bulls,8,court,38,49,1.0,Bengaluru Bulls,11,False,26,11,0,1,30,14,4,1,46,20,13,13,0,46,24,9,13,0,29,8,3,30,13,1,0,2
2973,9,Match 82,11/16/2022,League,1021,"Shree Shivchhatrapati Sports Complex,Balewadi, Pune",6,Patna Pirates,29,Tamil Thalaivas,6,court,33,33,,Tie,0,True,22,8,2,1,24,6,2,1,45,20,6,19,0,46,21,8,17,0,26,7,1,22,6,0,1,1
2974,9,Match 83,11/16/2022,League,1021,"Shree Shivchhatrapati Sports Complex,Balewadi, Pune",2,Dabang Delhi K.C.,30,U.P. Yoddhas,2,court,31,50,30.0,U.P. Yoddhas,19,False,23,6,0,2,33,9,6,2,43,21,10,12,0,43,23,6,14,2,35,5,1,23,9,0,0,3
2975,9,Match 84,11/18/2022,League,13,"Gachibowli Indoor Stadium, Hyderabad",7,Puneri Paltan,28,Haryana Steelers,28,court,41,28,7.0,Puneri Paltan,13,False,23,14,4,0,20,7,0,1,43,19,5,19,1,42,13,13,16,1,28,13,1,26,5,2,2,0
2976,9,Match 85,11/18/2022,League,13,"Gachibowli Indoor Stadium, Hyderabad",4,Bengal Warriors,8,Telugu Titans,8,court,36,28,4.0,Bengal Warriors,8,False,19,9,4,4,19,7,0,2,43,16,7,20,0,42,16,10,16,0,20,9,0,24,7,0,2,0
2977,9,Match 86,11/18/2022,League,13,"Gachibowli Indoor Stadium, Hyderabad",31,Gujarat Giants,1,Bengaluru Bulls,1,court,38,45,1.0,Bengaluru Bulls,7,False,28,7,2,1,27,10,6,2,41,19,11,11,1,42,21,7,14,2,31,7,0,28,10,0,1,3
2978,9,Match 87,11/19/2022,League,13,"Gachibowli Indoor Stadium, Hyderabad",30,U.P. Yoddhas,3,Jaipur Pink Panthers,3,court,29,42,3.0,Jaipur Pink Panthers,13,False,23,4,2,0,22,14,4,2,40,15,14,11,0,40,20,4,16,0,20,4,0,31,14,0,1,2
2979,9,Match 88,11/19/2022,League,13,"Gachibowli Indoor Stadium, Hyderabad",8,Telugu Titans,5,U Mumba,8,court,32,26,8.0,Telugu Titans,6,False,17,10,2,3,17,8,0,1,42,16,8,18,0,42,11,11,20,2,22,9,1,21,7,1,1,0
2980,9,Match 89,11/19/2022,League,13,"Gachibowli Indoor Stadium, Hyderabad",2,Dabang Delhi K.C.,6,Patna Pirates,2,court,30,27,2.0,Dabang Delhi K.C.,3,False,9,14,2,5,9,16,0,2,44,10,9,25,1,44,9,16,19,0,19,14,0,13,8,8,1,0
2981,9,Match 90,11/20/2022,League,13,"Gachibowli Indoor Stadium, Hyderabad",28,Haryana Steelers,2,Dabang Delhi K.C.,28,court,30,42,2.0,Dabang Delhi K.C.,12,False,20,7,0,3,20,20,2,0,38,16,16,6,1,38,17,7,14,0,21,6,1,33,16,4,0,1
2982,9,Match 91,11/20/2022,League,13,"Gachibowli Indoor Stadium, Hyderabad",1,Bengaluru Bulls,7,Puneri Paltan,7,court,33,35,7.0,Puneri Paltan,2,False,21,9,2,1,18,9,4,4,43,17,11,15,0,43,16,7,20,0,21,6,3,22,9,0,1,2
2983,9,Match 92,11/21/2022,League,13,"Gachibowli Indoor Stadium, Hyderabad",29,Tamil Thalaivas,4,Bengal Warriors,29,court,35,30,29.0,Tamil Thalaivas,5,False,20,11,2,2,22,7,0,1,43,15,7,21,0,43,16,10,17,1,24,10,1,20,6,1,1,0
2984,9,Match 93,11/21/2022,League,13,"Gachibowli Indoor Stadium, Hyderabad",30,U.P. Yoddhas,31,Gujarat Giants,30,court,35,31,30.0,U.P. Yoddhas,4,False,19,12,2,2,19,9,2,1,43,15,9,19,0,44,16,10,18,0,25,9,3,22,9,0,1,1
2985,9,Match 94,11/22/2022,League,13,"Gachibowli Indoor Stadium, Hyderabad",5,U Mumba,29,Tamil Thalaivas,5,court,20,34,29.0,Tamil Thalaivas,14,False,9,9,0,2,12,18,4,0,44,6,15,23,0,44,9,7,28,0,17,7,2,22,15,3,0,2
2986,9,Match 95,11/22/2022,League,13,"Gachibowli Indoor Stadium, Hyderabad",8,Telugu Titans,6,Patna Pirates,6,court,35,36,6.0,Patna Pirates,1,False,21,9,4,1,20,10,4,2,44,17,11,16,0,44,17,7,20,0,23,7,2,25,10,0,2,2
2987,9,Match 96,11/23/2022,League,13,"Gachibowli Indoor Stadium, Hyderabad",3,Jaipur Pink Panthers,7,Puneri Paltan,7,court,32,39,7.0,Puneri Paltan,7,False,29,3,0,0,23,11,4,1,43,21,11,11,1,42,19,3,20,0,25,3,0,26,11,0,0,2
2988,9,Match 97,11/23/2022,League,13,"Gachibowli Indoor Stadium, Hyderabad",4,Bengal Warriors,1,Bengaluru Bulls,1,court,41,38,4.0,Bengal Warriors,3,False,22,13,6,0,20,9,4,5,44,18,8,18,1,43,14,13,16,2,30,13,0,26,7,2,3,2
2989,9,Match 98,11/25/2022,League,13,"Gachibowli Indoor Stadium, Hyderabad",31,Gujarat Giants,2,Dabang Delhi K.C.,2,court,47,50,2.0,Dabang Delhi K.C.,3,False,40,1,4,2,32,10,6,2,41,27,11,3,2,40,28,2,10,1,26,1,0,40,10,0,2,3
2990,9,Match 99,11/25/2022,League,13,"Gachibowli Indoor Stadium, Hyderabad",3,Jaipur Pink Panthers,29,Tamil Thalaivas,29,court,41,26,3.0,Jaipur Pink Panthers,15,False,22,11,4,4,16,7,0,3,43,22,5,16,0,43,12,13,18,0,21,11,0,22,4,4,2,0
2991,9,Match 100,11/25/2022,League,13,"Gachibowli Indoor Stadium, Hyderabad",28,Haryana Steelers,6,Patna Pirates,28,court,33,23,28.0,Haryana Steelers,10,False,20,7,4,2,18,5,0,0,42,17,4,21,1,42,14,7,21,0,21,7,0,22,4,1,2,0
2992,9,Match 101,11/26/2022,League,13,"Gachibowli Indoor Stadium, Hyderabad",5,U Mumba,4,Bengal Warriors,5,court,49,41,5.0,U Mumba,8,False,28,13,4,4,25,12,2,2,42,19,11,12,1,42,20,12,10,0,24,11,2,31,11,1,2,1
2993,9,Match 102,11/26/2022,League,13,"Gachibowli Indoor Stadium, Hyderabad",7,Puneri Paltan,8,Telugu Titans,7,court,38,25,7.0,Puneri Paltan,13,False,20,10,4,4,8,14,0,3,42,18,10,14,1,42,8,11,23,0,18,10,0,26,8,7,2,0
2994,9,Match 103,11/26/2022,League,13,"Gachibowli Indoor Stadium, Hyderabad",30,U.P. Yoddhas,6,Patna Pirates,30,court,35,33,30.0,U.P. Yoddhas,2,False,20,9,4,2,21,6,4,2,41,18,7,16,0,42,19,9,14,0,24,9,0,17,6,0,2,2
2995,9,Match 104,11/27/2022,League,13,"Gachibowli Indoor Stadium, Hyderabad",29,Tamil Thalaivas,31,Gujarat Giants,31,court,42,39,29.0,Tamil Thalaivas,3,False,28,9,2,3,29,6,2,2,45,24,6,15,0,45,27,8,10,1,26,7,2,22,6,0,1,1
2996,9,Match 105,11/27/2022,League,13,"Gachibowli Indoor Stadium, Hyderabad",2,Dabang Delhi K.C.,1,Bengaluru Bulls,2,court,49,52,1.0,Bengaluru Bulls,3,False,31,11,6,1,36,10,6,0,46,24,10,12,0,47,25,11,11,1,36,11,0,33,10,0,3,3
2997,9,Match 106,11/28/2022,League,13,"Gachibowli Indoor Stadium, Hyderabad",30,U.P. Yoddhas,4,Bengal Warriors,30,court,33,32,30.0,U.P. Yoddhas,1,False,19,9,4,1,23,7,2,0,43,16,6,21,0,42,16,10,16,1,27,9,0,23,6,1,2,1
2998,9,Match 107,11/28/2022,League,13,"Gachibowli Indoor Stadium, Hyderabad",8,Telugu Titans,3,Jaipur Pink Panthers,8,court,28,48,3.0,Jaipur Pink Panthers,20,False,13,12,2,1,26,13,6,3,46,9,12,25,0,45,18,12,15,1,32,11,1,22,12,1,1,3
2999,9,Match 108,11/29/2022,League,13,"Gachibowli Indoor Stadium, Hyderabad",7,Puneri Paltan,31,Gujarat Giants,7,court,39,51,31.0,Gujarat Giants,12,False,23,13,2,1,31,13,6,1,46,20,14,12,0,46,20,13,13,1,38,13,0,31,13,0,1,3
3000,9,Match 109,11/29/2022,League,13,"Gachibowli Indoor Stadium, Hyderabad",28,Haryana Steelers,5,U Mumba,5,court,35,33,28.0,Haryana Steelers,2,False,19,13,2,1,16,10,2,5,45,13,12,20,1,44,13,13,18,1,25,13,0,24,10,0,1,1
3001,9,Match 110,11/30/2022,League,13,"Gachibowli Indoor Stadium, Hyderabad",1,Bengaluru Bulls,3,Jaipur Pink Panthers,3,court,25,45,3.0,Jaipur Pink Panthers,20,False,18,6,0,1,19,19,4,3,44,13,17,14,1,44,17,7,20,0,19,6,0,31,16,4,0,2
3002,9,Match 111,11/30/2022,League,13,"Gachibowli Indoor Stadium, Hyderabad",2,Dabang Delhi K.C.,29,Tamil Thalaivas,2,court,37,37,,Tie,0,True,25,9,2,1,22,11,4,0,48,22,11,15,0,48,19,8,21,0,26,7,2,26,11,0,1,2
3003,9,Match 112,12/2/2022,League,13,"Gachibowli Indoor Stadium, Hyderabad",30,U.P. Yoddhas,5,U Mumba,30,court,38,28,30.0,U.P. Yoddhas,10,False,21,12,4,1,20,7,0,1,43,17,7,19,1,43,15,11,17,0,21,11,1,24,7,0,2,0
3004,9,Match 113,12/2/2022,League,13,"Gachibowli Indoor Stadium, Hyderabad",6,Patna Pirates,31,Gujarat Giants,31,court,34,40,31.0,Gujarat Giants,6,False,21,11,0,2,24,10,4,2,45,15,10,20,1,45,18,10,17,2,31,9,2,23,10,0,0,2
3005,9,Match 114,12/2/2022,League,13,"Gachibowli Indoor Stadium, Hyderabad",28,Haryana Steelers,4,Bengal Warriors,4,court,32,26,28.0,Haryana Steelers,6,False,15,15,2,0,14,11,0,1,42,12,12,18,1,43,13,14,16,0,24,14,1,24,11,0,1,0
3006,9,Match 115,12/3/2022,League,13,"Gachibowli Indoor Stadium, Hyderabad",2,Dabang Delhi K.C.,7,Puneri Paltan,7,court,44,47,7.0,Puneri Paltan,3,False,31,7,4,2,30,8,6,3,42,22,8,12,1,42,24,6,12,1,28,6,1,27,8,0,2,3
3007,9,Match 116,12/3/2022,League,13,"Gachibowli Indoor Stadium, Hyderabad",8,Telugu Titans,29,Tamil Thalaivas,29,raid,24,52,29.0,Tamil Thalaivas,28,False,18,4,0,2,32,12,8,0,44,14,11,19,1,43,21,4,18,2,30,4,0,26,11,1,0,4
3008,9,Match 117,12/3/2022,League,13,"Gachibowli Indoor Stadium, Hyderabad",3,Jaipur Pink Panthers,4,Bengal Warriors,3,court,57,31,3.0,Jaipur Pink Panthers,26,False,34,14,8,1,27,2,0,2,47,33,1,13,0,46,20,15,11,1,29,14,0,28,1,1,4,0
3009,9,Match 118,12/4/2022,League,13,"Gachibowli Indoor Stadium, Hyderabad",5,U Mumba,31,Gujarat Giants,5,court,36,38,31.0,Gujarat Giants,2,False,25,8,2,1,23,11,4,0,41,18,10,13,1,41,20,7,14,0,24,7,1,29,10,1,1,2
3010,9,Match 119,12/4/2022,League,13,"Gachibowli Indoor Stadium, Hyderabad",1,Bengaluru Bulls,30,U.P. Yoddhas,30,court,38,35,1.0,Bengaluru Bulls,3,False,19,12,4,3,21,8,2,4,44,19,7,18,0,44,15,12,17,0,23,11,1,22,6,3,2,1
3011,9,Match 120,12/5/2022,League,13,"Gachibowli Indoor Stadium, Hyderabad",7,Puneri Paltan,6,Patna Pirates,7,court,44,30,7.0,Puneri Paltan,14,False,26,10,6,2,20,7,2,1,43,18,8,17,2,43,15,12,16,0,25,10,0,29,7,0,3,1
3012,9,Match 121,12/5/2022,League,13,"Gachibowli Indoor Stadium, Hyderabad",3,Jaipur Pink Panthers,28,Haryana Steelers,3,court,44,30,3.0,Jaipur Pink Panthers,14,False,19,15,4,6,20,9,0,1,42,15,8,19,0,43,13,13,17,1,26,11,4,20,7,2,2,0
3013,9,Match 122,12/6/2022,League,13,"Gachibowli Indoor Stadium, Hyderabad",5,U Mumba,2,Dabang Delhi K.C.,5,court,24,41,2.0,Dabang Delhi K.C.,17,False,11,12,0,1,12,21,4,4,45,10,19,16,0,46,13,8,25,0,17,8,4,26,19,2,0,2
3014,9,Match 123,12/6/2022,League,13,"Gachibowli Indoor Stadium, Hyderabad",31,Gujarat Giants,8,Telugu Titans,8,court,44,30,31.0,Gujarat Giants,14,False,25,14,4,1,17,10,2,1,42,20,8,14,1,42,15,14,13,0,25,13,1,27,8,2,2,1
3015,9,Match 124,12/7/2022,League,13,"Gachibowli Indoor Stadium, Hyderabad",6,Patna Pirates,1,Bengaluru Bulls,6,court,44,57,1.0,Bengaluru Bulls,13,False,32,9,2,1,37,12,6,2,48,24,11,13,1,48,28,9,11,3,34,9,0,34,11,1,1,3
3016,9,Match 125,12/7/2022,League,13,"Gachibowli Indoor Stadium, Hyderabad",29,Tamil Thalaivas,30,U.P. Yoddhas,30,court,43,28,29.0,Tamil Thalaivas,15,False,21,16,4,2,14,11,2,1,45,16,9,20,1,44,10,14,20,1,26,14,2,21,8,3,2,1
3017,9,Match 126,12/8/2022,League,13,"Gachibowli Indoor Stadium, Hyderabad",4,Bengal Warriors,2,Dabang Delhi K.C.,4,court,46,46,,Tie,0,True,28,13,4,1,21,17,4,4,47,17,16,14,3,46,18,13,15,0,26,13,0,31,14,3,2,2
3018,9,Match 127,12/8/2022,League,13,"Gachibowli Indoor Stadium, Hyderabad",28,Haryana Steelers,8,Telugu Titans,28,court,50,33,28.0,Haryana Steelers,17,False,27,17,6,0,17,12,2,2,47,23,12,12,0,47,14,17,16,0,31,17,0,34,10,2,3,1
3019,9,Match 128,12/9/2022,League,13,"Gachibowli Indoor Stadium, Hyderabad",31,Gujarat Giants,3,Jaipur Pink Panthers,3,court,51,51,,Tie,0,True,35,10,4,2,32,14,4,1,47,23,15,9,1,47,26,11,10,0,30,10,0,37,14,0,2,2
3020,9,Match 129,12/9/2022,League,13,"Gachibowli Indoor Stadium, Hyderabad",7,Puneri Paltan,30,U.P. Yoddhas,30,court,41,45,30.0,U.P. Yoddhas,4,False,26,11,2,2,22,8,4,11,44,17,14,13,1,44,16,12,16,1,25,10,1,27,8,3,1,2
3021,9,Match 130,12/10/2022,League,13,"Gachibowli Indoor Stadium, Hyderabad",1,Bengaluru Bulls,5,U Mumba,1,court,30,36,5.0,U Mumba,6,False,15,13,0,2,17,16,2,1,46,12,16,18,1,46,14,12,20,1,25,12,1,26,15,1,0,1
3022,9,Match 131,12/10/2022,League,13,"Gachibowli Indoor Stadium, Hyderabad",29,Tamil Thalaivas,28,Haryana Steelers,28,court,38,61,28.0,Haryana Steelers,23,False,23,12,2,1,35,16,6,4,46,16,15,15,1,46,27,11,8,1,40,10,2,36,15,1,1,3
3023,9,Match 132,12/10/2022,League,13,"Gachibowli Indoor Stadium, Hyderabad",6,Patna Pirates,4,Bengal Warriors,6,court,49,38,6.0,Patna Pirates,11,False,22,19,6,2,23,12,2,1,47,21,10,16,0,47,16,18,13,0,33,18,1,30,10,2,3,1
3024,9,Eliminator 1,12/13/2022,Playoffs,3,"‘Dome, NSCI SVP Stadium’, Mumbai",1,Bengaluru Bulls,2,Dabang Delhi K.C.,2,court,56,24,1.0,Bengaluru Bulls,32,False,30,17,8,1,20,4,0,0,41,24,3,14,1,42,15,17,10,0,25,17,0,29,3,1,4,0
3025,9,Eliminator 2,12/13/2022,Playoffs,3,"‘Dome, NSCI SVP Stadium’, Mumbai",30,U.P. Yoddhas,29,Tamil Thalaivas,29,raid,36,36,,Tie,0,True,23,10,2,1,22,11,2,1,46,17,11,18,1,47,19,9,19,0,24,8,2,26,11,0,1,1
3026,9,Semi Final 1,12/15/2022,Semi Final,3,"‘Dome, NSCI SVP Stadium’, Mumbai",3,Jaipur Pink Panthers,1,Bengaluru Bulls,3,court,49,29,3.0,Jaipur Pink Panthers,20,False,19,21,6,3,15,13,0,1,43,17,10,16,1,43,11,21,11,0,29,21,0,27,10,3,3,0
3027,9,Semi Final 2,12/15/2022,Semi Final,3,"‘Dome, NSCI SVP Stadium’, Mumbai",7,Puneri Paltan,29,Tamil Thalaivas,29,raid,39,37,7.0,Puneri Paltan,2,False,22,13,4,0,20,11,2,4,45,17,11,17,0,45,18,11,16,0,26,11,2,27,9,2,2,1
3028,9,Final,12/17/2022,Final,3,"‘Dome, NSCI SVP Stadium’, Mumbai",3,Jaipur Pink Panthers,7,Puneri Paltan,3,court,33,29,3.0,Jaipur Pink Panthers,4,False,13,15,2,3,11,14,0,4,42,11,13,18,0,42,9,16,17,0,23,14,1,24,12,2,1,0
3030,10,Match 2,12/2/2023,League,1023,"The Arena by TransStadia, Ahmedabad",5,U Mumba,30,U.P. Yoddhas,30,court,34,31,5.0,U Mumba,3,False,19,13,2,0,19,8,2,2,44,18,8,18,0,44,18,12,14,0,26,12,1,17,8,0,1,1
3031,10,Match 3,12/3/2023,League,1023,"The Arena by TransStadia, Ahmedabad",29,Tamil Thalaivas,2,Dabang Delhi K.C.,2,court,42,31,29.0,Tamil Thalaivas,11,False,27,10,4,1,24,5,0,2,40,21,5,14,2,40,20,9,11,1,30,9,1,25,5,0,2,0
3032,10,Match 4,12/3/2023,League,1023,"The Arena by TransStadia, Ahmedabad",31,Gujarat Giants,1,Bengaluru Bulls,1,court,34,31,31.0,Gujarat Giants,3,False,17,15,2,0,15,12,2,2,40,12,12,16,1,39,13,10,16,0,24,10,5,23,11,1,1,1
3033,10,Match 5,12/4/2023,League,1023,"The Arena by TransStadia, Ahmedabad",7,Puneri Paltan,3,Jaipur Pink Panthers,3,court,37,33,7.0,Puneri Paltan,4,False,19,13,4,1,24,4,2,3,40,18,3,19,0,41,17,13,11,0,26,13,0,19,3,1,2,1
3034,10,Match 6,12/4/2023,League,1023,"The Arena by TransStadia, Ahmedabad",1,Bengaluru Bulls,4,Bengal Warriors,1,court,30,32,4.0,Bengal Warriors,2,False,14,11,2,3,18,11,2,1,42,12,12,18,1,41,14,12,15,0,23,11,0,20,11,0,1,1
3035,10,Match 7,12/5/2023,League,1023,"The Arena by TransStadia, Ahmedabad",31,Gujarat Giants,5,U Mumba,5,court,39,37,31.0,Gujarat Giants,2,False,26,9,2,2,27,6,2,2,43,21,5,17,1,43,23,8,12,0,26,7,2,26,5,1,1,1
3036,10,Match 8,12/6/2023,League,1023,"The Arena by TransStadia, Ahmedabad",8,Telugu Titans,6,Patna Pirates,6,court,28,50,6.0,Patna Pirates,22,False,17,9,0,2,24,16,6,4,45,11,17,17,1,44,20,10,14,1,31,9,1,25,16,0,0,3
3037,10,Match 9,12/6/2023,League,1023,"The Arena by TransStadia, Ahmedabad",30,U.P. Yoddhas,28,Haryana Steelers,28,court,57,27,30.0,U.P. Yoddhas,30,False,25,20,8,4,15,12,0,0,43,20,9,14,0,43,10,21,12,0,26,20,0,31,9,3,4,0
3038,10,Match 10,12/7/2023,League,1023,"The Arena by TransStadia, Ahmedabad",4,Bengal Warriors,3,Jaipur Pink Panthers,3,court,28,28,,Tie,0,True,16,7,2,3,17,9,0,2,40,14,7,19,0,40,14,7,19,0,17,7,0,21,6,3,1,0
3039,10,Match 11,12/7/2023,League,1023,"The Arena by TransStadia, Ahmedabad",31,Gujarat Giants,6,Patna Pirates,31,court,30,33,6.0,Patna Pirates,3,False,17,9,2,2,14,12,4,3,41,15,12,14,0,41,13,10,18,0,19,9,1,24,11,1,1,2
3040,10,Match 12,12/8/2023,League,10,"Shree Kanteerava Indoor Stadium, Bengaluru",1,Bengaluru Bulls,2,Dabang Delhi K.C.,2,court,31,38,2.0,Dabang Delhi K.C.,7,False,21,7,2,1,23,11,4,0,43,16,11,16,1,42,20,6,16,0,23,6,1,25,11,0,1,2
3041,10,Match 13,12/8/2023,League,10,"Shree Kanteerava Indoor Stadium, Bengaluru",7,Puneri Paltan,5,U Mumba,7,court,43,32,7.0,Puneri Paltan,11,False,18,16,4,5,22,7,2,1,43,18,5,20,1,42,14,14,14,1,30,14,2,16,5,2,2,1
3042,10,Match 14,12/9/2023,League,10,"Shree Kanteerava Indoor Stadium, Bengaluru",1,Bengaluru Bulls,28,Haryana Steelers,28,court,32,38,28.0,Haryana Steelers,6,False,19,10,2,1,16,16,4,2,45,14,16,15,1,46,12,11,23,0,20,10,0,30,15,1,1,2
3043,10,Match 15,12/9/2023,League,10,"Shree Kanteerava Indoor Stadium, Bengaluru",30,U.P. Yoddhas,8,Telugu Titans,30,court,48,33,30.0,U.P. Yoddhas,15,False,22,16,6,4,21,12,0,0,45,18,10,17,1,45,16,15,14,0,27,15,1,28,10,2,3,0
3044,10,Match 16,12/10/2023,League,10,"Shree Kanteerava Indoor Stadium, Bengaluru",4,Bengal Warriors,29,Tamil Thalaivas,29,court,48,38,4.0,Bengal Warriors,10,False,26,14,6,2,21,10,4,3,43,19,10,14,2,43,15,13,15,0,29,13,1,28,10,0,3,2
3045,10,Match 17,12/10/2023,League,10,"Shree Kanteerava Indoor Stadium, Bengaluru",2,Dabang Delhi K.C.,28,Haryana Steelers,2,court,33,35,28.0,Haryana Steelers,2,False,22,6,2,3,19,9,4,3,40,19,9,12,0,41,17,8,16,1,24,6,0,26,9,0,1,2
3046,10,Match 18,12/11/2023,League,10,"Shree Kanteerava Indoor Stadium, Bengaluru",3,Jaipur Pink Panthers,31,Gujarat Giants,3,court,35,32,3.0,Jaipur Pink Panthers,3,False,23,10,2,0,22,7,2,1,42,18,7,17,2,43,19,8,16,1,25,8,2,22,7,0,1,1
3047,10,Match 19,12/11/2023,League,10,"Shree Kanteerava Indoor Stadium, Bengaluru",1,Bengaluru Bulls,30,U.P. Yoddhas,30,court,38,36,1.0,Bengaluru Bulls,2,False,21,10,4,3,28,5,2,1,43,18,5,20,2,43,20,9,14,1,28,9,1,20,4,1,2,1
3048,10,Match 20,12/12/2023,League,10,"Shree Kanteerava Indoor Stadium, Bengaluru",4,Bengal Warriors,6,Patna Pirates,4,court,60,42,4.0,Bengal Warriors,18,False,42,11,6,1,35,5,0,2,42,29,4,9,3,41,21,11,9,2,33,10,1,38,4,1,3,0
3049,10,Match 21,12/13/2023,League,10,"Shree Kanteerava Indoor Stadium, Bengaluru",29,Tamil Thalaivas,8,Telugu Titans,8,court,38,36,29.0,Tamil Thalaivas,2,False,21,12,4,1,23,12,0,1,46,20,11,15,0,46,17,11,18,0,24,11,1,29,10,2,2,0
3050,10,Match 22,12/13/2023,League,10,"Shree Kanteerava Indoor Stadium, Bengaluru",1,Bengaluru Bulls,3,Jaipur Pink Panthers,3,court,32,30,1.0,Bengaluru Bulls,2,False,16,13,2,1,16,9,2,3,40,13,10,17,0,40,11,14,15,0,26,13,0,19,8,2,1,1
3051,10,Match 23,12/15/2023,League,1021,"Shree Shiv Chhatrapati Sports Complex, Pune",5,U Mumba,6,Patna Pirates,5,court,42,40,5.0,U Mumba,2,False,31,6,2,3,27,9,2,2,46,24,10,12,1,45,27,6,12,0,27,4,3,31,9,0,1,1
3052,10,Match 24,12/15/2023,League,1021,"Shree Shiv Chhatrapati Sports Complex, Pune",7,Puneri Paltan,28,Haryana Steelers,28,court,39,44,28.0,Haryana Steelers,5,False,22,11,2,4,23,15,4,2,44,19,14,11,1,44,16,11,17,1,29,10,1,30,13,2,1,2
3053,10,Match 25,12/16/2023,League,1021,"Shree Shiv Chhatrapati Sports Complex, Pune",7,Puneri Paltan,4,Bengal Warriors,4,court,49,19,7.0,Puneri Paltan,30,False,16,24,6,3,14,3,0,2,41,16,3,22,0,41,8,21,12,2,30,21,3,14,3,0,3,0
3054,10,Match 26,12/16/2023,League,1021,"Shree Shiv Chhatrapati Sports Complex, Pune",8,Telugu Titans,2,Dabang Delhi K.C.,8,court,40,51,2.0,Dabang Delhi K.C.,11,False,26,7,4,3,31,12,6,2,44,21,12,11,0,44,23,7,14,1,30,7,0,30,11,1,2,3
3055,10,Match 27,12/17/2023,League,1021,"Shree Shiv Chhatrapati Sports Complex, Pune",6,Patna Pirates,3,Jaipur Pink Panthers,3,court,28,29,3.0,Jaipur Pink Panthers,1,False,17,8,2,1,17,9,2,1,43,13,8,22,0,44,13,9,22,1,22,8,0,23,8,1,1,1
3056,10,Match 28,12/17/2023,League,1021,"Shree Shiv Chhatrapati Sports Complex, Pune",5,U Mumba,29,Tamil Thalaivas,29,court,46,33,5.0,U Mumba,13,False,26,14,4,2,23,10,0,0,44,20,10,14,2,45,18,14,13,0,31,14,0,32,10,0,2,0
3057,10,Match 29,12/18/2023,League,1039,"Badminton Hall in Balewadi sports complex,Pune, Pune",4,Bengal Warriors,30,U.P. Yoddhas,4,court,37,37,,Tie,0,True,25,9,2,1,27,7,2,1,45,21,7,17,0,45,19,9,17,2,26,9,0,25,6,1,1,1
3058,10,Match 30,12/18/2023,League,1039,"Badminton Hall in Balewadi sports complex,Pune, Pune",7,Puneri Paltan,2,Dabang Delhi K.C.,2,court,30,23,7.0,Puneri Paltan,7,False,17,11,2,0,15,6,0,2,41,13,6,22,0,42,14,10,18,0,20,10,1,19,5,1,1,0
3059,10,Match 31,12/19/2023,League,1039,"Badminton Hall in Balewadi sports complex,Pune, Pune",28,Haryana Steelers,31,Gujarat Giants,31,court,31,29,28.0,Haryana Steelers,2,False,17,11,2,1,15,8,2,4,42,12,8,22,0,42,12,11,19,1,26,11,0,20,7,1,1,1
3060,10,Match 32,12/20/2023,League,1039,"Badminton Hall in Balewadi sports complex,Pune, Pune",3,Jaipur Pink Panthers,30,U.P. Yoddhas,30,court,41,24,3.0,Jaipur Pink Panthers,17,False,18,16,6,1,12,8,2,2,43,16,9,18,1,43,10,16,17,0,23,16,0,24,8,0,3,1
3061,10,Match 33,12/20/2023,League,1039,"Badminton Hall in Balewadi sports complex,Pune, Pune",7,Puneri Paltan,1,Bengaluru Bulls,7,court,43,18,7.0,Puneri Paltan,25,False,17,17,6,3,10,8,0,0,42,19,8,15,0,42,7,17,18,0,22,17,0,23,8,0,3,0
3062,10,Match 34,12/22/2023,League,1040,"SDAT Multi purpose Indoor Stadium, Chennai",29,Tamil Thalaivas,6,Patna Pirates,29,court,33,46,6.0,Patna Pirates,13,False,21,9,2,1,29,12,4,1,45,18,11,16,0,45,22,7,16,1,28,7,2,26,11,1,1,2
3063,10,Match 35,12/22/2023,League,1040,"SDAT Multi purpose Indoor Stadium, Chennai",28,Haryana Steelers,8,Telugu Titans,28,court,36,37,8.0,Telugu Titans,1,False,21,9,2,4,15,18,2,2,45,17,15,13,1,44,13,12,19,0,20,9,0,29,14,4,1,1
3064,10,Match 36,12/23/2023,League,1040,"SDAT Multi purpose Indoor Stadium, Chennai",29,Tamil Thalaivas,3,Jaipur Pink Panthers,29,court,24,25,3.0,Jaipur Pink Panthers,1,False,11,9,2,2,12,11,0,2,41,9,8,24,0,41,11,10,20,0,16,9,0,18,8,3,1,0
3065,10,Match 37,12/23/2023,League,1040,"SDAT Multi purpose Indoor Stadium, Chennai",31,Gujarat Giants,30,U.P. Yoddhas,30,court,38,30,31.0,Gujarat Giants,8,False,19,12,4,3,17,10,2,1,43,18,9,16,0,43,11,12,20,1,23,12,0,24,9,1,2,1
3066,10,Match 38,12/24/2023,League,1040,"SDAT Multi purpose Indoor Stadium, Chennai",5,U Mumba,4,Bengal Warriors,5,court,39,37,5.0,U Mumba,2,False,20,14,2,3,21,13,2,1,43,15,13,15,0,42,18,11,13,0,25,10,4,27,13,0,1,1
3067,10,Match 39,12/24/2023,League,1040,"SDAT Multi purpose Indoor Stadium, Chennai",1,Bengaluru Bulls,8,Telugu Titans,1,court,33,31,1.0,Bengaluru Bulls,2,False,16,13,4,0,18,8,2,3,45,12,7,26,0,44,14,12,18,0,23,12,1,21,7,1,2,1
3068,10,Match 40,12/25/2023,League,1040,"SDAT Multi purpose Indoor Stadium, Chennai",4,Bengal Warriors,2,Dabang Delhi K.C.,4,court,29,38,2.0,Dabang Delhi K.C.,9,False,19,9,0,1,15,17,4,2,42,15,16,11,0,41,15,8,18,0,19,8,1,26,15,2,0,2
3069,10,Match 41,12/25/2023,League,1040,"SDAT Multi purpose Indoor Stadium, Chennai",29,Tamil Thalaivas,28,Haryana Steelers,28,court,29,42,28.0,Haryana Steelers,13,False,12,16,0,1,18,20,2,2,45,11,17,17,0,44,12,12,20,1,23,12,4,27,16,4,0,1
3070,10,Match 42,12/26/2023,League,1040,"SDAT Multi purpose Indoor Stadium, Chennai",7,Puneri Paltan,6,Patna Pirates,6,court,46,28,7.0,Puneri Paltan,18,False,25,15,6,0,17,8,0,3,42,17,6,19,2,42,12,15,15,0,23,15,0,28,5,3,3,0
3071,10,Match 43,12/27/2023,League,1040,"SDAT Multi purpose Indoor Stadium, Chennai",3,Jaipur Pink Panthers,2,Dabang Delhi K.C.,2,court,32,32,,Tie,0,True,19,10,2,1,14,11,4,3,39,14,10,15,0,40,12,9,19,0,20,9,1,18,10,1,1,2
3072,10,Match 44,12/27/2023,League,1040,"SDAT Multi purpose Indoor Stadium, Chennai",29,Tamil Thalaivas,31,Gujarat Giants,31,court,30,33,31.0,Gujarat Giants,3,False,19,10,0,1,18,12,2,1,42,16,10,16,0,42,12,9,21,1,22,9,1,26,10,2,0,1
3073,10,Match 45,12/29/2023,League,1041,"Noida Indoor Stadium, Noida",6,Patna Pirates,28,Haryana Steelers,28,court,46,33,6.0,Patna Pirates,13,False,24,16,6,0,24,8,0,1,44,20,8,16,0,44,18,14,12,1,32,14,2,29,8,0,3,0
3074,10,Match 46,12/29/2023,League,1041,"Noida Indoor Stadium, Noida",30,U.P. Yoddhas,1,Bengaluru Bulls,1,court,34,33,30.0,U.P. Yoddhas,1,False,17,13,4,0,21,11,0,1,45,15,11,19,0,45,17,12,16,0,24,12,1,27,11,0,2,0
3075,10,Match 47,12/30/2023,League,1041,"Noida Indoor Stadium, Noida",8,Telugu Titans,5,U Mumba,8,court,34,52,5.0,U Mumba,18,False,23,9,0,2,25,19,6,2,44,17,14,13,1,44,18,9,17,2,30,8,1,32,14,5,0,3
3076,10,Match 48,12/30/2023,League,1041,"Noida Indoor Stadium, Noida",30,U.P. Yoddhas,2,Dabang Delhi K.C.,2,court,25,35,2.0,Dabang Delhi K.C.,10,False,15,9,0,1,20,11,4,0,40,13,10,17,0,41,15,7,19,2,21,6,3,19,10,1,0,2
3077,10,Match 49,12/31/2023,League,1041,"Noida Indoor Stadium, Noida",31,Gujarat Giants,4,Bengal Warriors,31,court,51,42,31.0,Gujarat Giants,9,False,32,8,6,5,34,4,2,2,45,26,4,15,0,44,25,9,10,1,28,8,0,32,4,0,3,1
3078,10,Match 50,12/31/2023,League,1041,"Noida Indoor Stadium, Noida",29,Tamil Thalaivas,1,Bengaluru Bulls,1,court,37,38,1.0,Bengaluru Bulls,1,False,21,13,2,1,20,13,2,3,41,17,11,13,0,42,17,10,15,1,22,10,3,24,11,2,1,1
3079,10,Match 51,1/1/2024,League,1041,"Noida Indoor Stadium, Noida",8,Telugu Titans,7,Puneri Paltan,7,court,18,54,7.0,Puneri Paltan,36,False,7,8,0,3,23,20,8,3,44,5,20,19,0,44,21,8,15,0,27,8,0,24,20,0,0,4
3080,10,Match 52,1/1/2024,League,1041,"Noida Indoor Stadium, Noida",30,U.P. Yoddhas,6,Patna Pirates,30,court,41,48,6.0,Patna Pirates,7,False,26,10,2,3,23,15,6,4,43,20,15,8,1,44,19,8,17,1,27,8,2,33,14,1,1,3
3081,10,Match 53,1/2/2024,League,1041,"Noida Indoor Stadium, Noida",31,Gujarat Giants,2,Dabang Delhi K.C.,31,court,28,35,2.0,Dabang Delhi K.C.,7,False,17,6,2,3,23,8,2,2,40,16,9,15,0,39,18,7,14,0,21,6,0,21,8,0,1,1
3082,10,Match 54,1/3/2024,League,1041,"Noida Indoor Stadium, Noida",28,Haryana Steelers,3,Jaipur Pink Panthers,3,court,34,45,3.0,Jaipur Pink Panthers,11,False,18,13,2,1,21,17,4,3,43,13,16,14,0,43,17,13,13,0,27,12,1,28,15,2,1,2
3083,10,Match 55,1/3/2024,League,1041,"Noida Indoor Stadium, Noida",30,U.P. Yoddhas,7,Puneri Paltan,7,court,31,40,7.0,Puneri Paltan,9,False,13,14,2,2,21,15,4,0,44,8,15,21,0,44,15,10,19,1,27,9,5,24,15,0,1,2
3084,10,Match 56,1/5/2024,League,3,"DOME by NSCI, Mumbai",6,Patna Pirates,2,Dabang Delhi K.C.,6,court,37,38,2.0,Dabang Delhi K.C.,1,False,25,7,2,3,20,11,4,3,42,22,11,9,1,43,18,7,18,1,25,7,0,30,11,0,1,2
3085,10,Match 57,1/5/2024,League,3,"DOME by NSCI, Mumbai",5,U Mumba,1,Bengaluru Bulls,1,court,40,35,5.0,U Mumba,5,False,21,15,4,0,24,8,2,1,43,18,7,18,0,43,16,15,12,2,30,15,0,20,7,1,2,1
3086,10,Match 58,1/6/2024,League,3,"DOME by NSCI, Mumbai",5,U Mumba,3,Jaipur Pink Panthers,3,court,31,41,3.0,Jaipur Pink Panthers,10,False,27,3,0,1,26,10,4,1,45,22,10,13,0,44,21,4,19,1,26,3,0,32,10,0,0,2
3087,10,Match 59,1/6/2024,League,3,"DOME by NSCI, Mumbai",8,Telugu Titans,31,Gujarat Giants,31,court,30,37,31.0,Gujarat Giants,7,False,17,12,0,1,16,14,4,3,43,11,14,18,1,43,17,9,17,0,23,9,3,24,14,0,0,2
3088,10,Match 60,1/7/2024,League,3,"DOME by NSCI, Mumbai",7,Puneri Paltan,29,Tamil Thalaivas,7,court,29,26,7.0,Puneri Paltan,3,False,12,13,2,2,11,13,0,2,46,11,10,25,1,45,7,13,25,1,20,13,0,19,9,4,1,0
3089,10,Match 61,1/7/2024,League,3,"DOME by NSCI, Mumbai",4,Bengal Warriors,28,Haryana Steelers,4,court,35,41,28.0,Haryana Steelers,6,False,21,8,2,4,21,16,2,2,44,17,11,16,0,45,18,9,18,2,24,8,0,30,11,5,1,1
3090,10,Match 62,1/8/2024,League,3,"DOME by NSCI, Mumbai",1,Bengaluru Bulls,6,Patna Pirates,6,court,35,33,1.0,Bengaluru Bulls,2,False,15,16,2,2,16,14,2,1,44,13,15,16,0,43,11,14,18,1,26,13,3,26,14,0,1,1
3091,10,Match 63,1/8/2024,League,3,"DOME by NSCI, Mumbai",5,U Mumba,2,Dabang Delhi K.C.,2,court,34,40,2.0,Dabang Delhi K.C.,6,False,25,7,2,0,22,10,4,4,42,22,10,10,0,41,21,7,13,0,24,7,0,27,10,0,1,2
3092,10,Match 64,1/9/2024,League,3,"DOME by NSCI, Mumbai",8,Telugu Titans,4,Bengal Warriors,8,court,26,46,4.0,Bengal Warriors,20,False,14,9,2,1,20,19,6,1,49,13,19,17,0,49,17,9,23,0,25,9,0,27,18,1,1,3
3093,10,Match 65,1/10/2024,League,3,"DOME by NSCI, Mumbai",30,U.P. Yoddhas,29,Tamil Thalaivas,30,court,27,46,29.0,Tamil Thalaivas,19,False,18,9,0,0,22,18,6,0,47,15,18,14,0,48,16,8,24,0,27,8,1,31,18,0,0,3
3094,10,Match 66,1/10/2024,League,3,"DOME by NSCI, Mumbai",5,U Mumba,28,Haryana Steelers,5,court,44,44,,Tie,0,True,24,14,4,2,22,18,4,0,47,16,16,15,0,47,15,12,20,1,27,12,2,34,16,2,2,2
3095,10,Match 67,1/12/2024,League,4,"SMS Indoor stadium, Jaipur",3,Jaipur Pink Panthers,8,Telugu Titans,3,court,38,35,3.0,Jaipur Pink Panthers,3,False,19,11,4,4,16,9,4,6,47,18,10,19,0,46,16,11,19,0,22,10,1,25,8,1,2,2
3096,10,Match 68,1/12/2024,League,4,"SMS Indoor stadium, Jaipur",7,Puneri Paltan,31,Gujarat Giants,7,court,37,17,7.0,Puneri Paltan,20,False,15,17,4,1,7,9,0,1,42,15,7,20,0,42,4,17,21,0,21,16,1,21,7,2,2,0
3097,10,Match 69,1/13/2024,League,4,"SMS Indoor stadium, Jaipur",3,Jaipur Pink Panthers,7,Puneri Paltan,3,court,36,34,3.0,Jaipur Pink Panthers,2,False,20,10,4,2,23,4,2,5,42,16,8,18,1,41,16,10,15,0,27,10,0,20,4,0,2,1
3098,10,Match 70,1/13/2024,League,4,"SMS Indoor stadium, Jaipur",30,U.P. Yoddhas,4,Bengal Warriors,4,court,37,42,4.0,Bengal Warriors,5,False,25,6,4,2,28,11,2,1,43,22,11,10,0,44,22,7,15,0,20,6,0,34,11,0,2,1
3099,10,Match 71,1/14/2024,League,4,"SMS Indoor stadium, Jaipur",28,Haryana Steelers,29,Tamil Thalaivas,28,court,36,31,28.0,Haryana Steelers,5,False,19,13,2,2,17,12,2,0,43,12,10,21,1,43,13,11,19,0,24,11,2,25,10,2,1,1
3100,10,Match 72,1/14/2024,League,4,"SMS Indoor stadium, Jaipur",2,Dabang Delhi K.C.,6,Patna Pirates,2,court,39,39,,Tie,0,True,23,10,4,2,25,9,2,3,43,18,8,17,1,44,22,10,12,0,26,9,1,26,8,1,2,1
3101,10,Match 73,1/15/2024,League,4,"SMS Indoor stadium, Jaipur",4,Bengal Warriors,1,Bengaluru Bulls,4,court,35,29,4.0,Bengal Warriors,6,False,15,11,4,5,17,9,2,1,44,14,9,21,0,44,14,12,18,0,21,11,0,21,9,0,2,1
3102,10,Match 74,1/15/2024,League,4,"SMS Indoor stadium, Jaipur",3,Jaipur Pink Panthers,5,U Mumba,3,court,31,29,3.0,Jaipur Pink Panthers,2,False,19,10,0,2,18,9,0,2,41,14,10,17,1,42,13,10,19,0,24,9,1,22,9,0,0,0
3103,10,Match 75,1/16/2024,League,4,"SMS Indoor stadium, Jaipur",6,Patna Pirates,29,Tamil Thalaivas,29,court,25,41,29.0,Tamil Thalaivas,16,False,17,8,0,0,16,21,4,0,45,13,20,12,0,44,14,6,24,0,22,6,2,35,20,1,0,2
3104,10,Match 76,1/17/2024,League,4,"SMS Indoor stadium, Jaipur",2,Dabang Delhi K.C.,31,Gujarat Giants,31,court,26,31,31.0,Gujarat Giants,5,False,17,9,0,0,15,12,2,2,42,17,9,16,0,43,13,9,21,0,22,9,0,25,9,3,0,1
3105,10,Match 77,1/17/2024,League,4,"SMS Indoor stadium, Jaipur",3,Jaipur Pink Panthers,28,Haryana Steelers,28,court,37,27,3.0,Jaipur Pink Panthers,10,False,16,15,4,2,15,12,0,0,44,13,11,20,0,43,13,15,15,0,25,14,1,23,11,1,2,0
3106,10,Match 78,1/19/2024,League,13,"Gachibowli Indoor Stadium, Hyderabad",8,Telugu Titans,1,Bengaluru Bulls,8,court,26,42,1.0,Bengaluru Bulls,16,False,14,8,0,4,17,16,6,3,49,9,18,22,0,48,13,8,27,1,24,7,2,23,16,0,0,3
3107,10,Match 79,1/19/2024,League,13,"Gachibowli Indoor Stadium, Hyderabad",6,Patna Pirates,30,U.P. Yoddhas,6,court,34,31,6.0,Patna Pirates,3,False,18,13,2,1,22,9,0,0,48,15,8,25,0,47,15,12,20,0,27,12,1,23,8,1,1,0
3108,10,Match 80,1/20/2024,League,13,"Gachibowli Indoor Stadium, Hyderabad",2,Dabang Delhi K.C.,5,U Mumba,2,court,39,33,2.0,Dabang Delhi K.C.,6,False,22,13,2,2,20,10,2,1,41,17,10,14,0,41,14,12,15,1,26,10,3,25,10,0,1,1
3109,10,Match 81,1/20/2024,League,13,"Gachibowli Indoor Stadium, Hyderabad",8,Telugu Titans,30,U.P. Yoddhas,8,court,49,32,8.0,Telugu Titans,17,False,28,13,6,2,23,7,0,2,47,17,6,24,4,48,19,14,15,0,27,13,0,28,6,1,3,0
3110,10,Match 82,1/21/2024,League,13,"Gachibowli Indoor Stadium, Hyderabad",1,Bengaluru Bulls,29,Tamil Thalaivas,29,court,28,45,29.0,Tamil Thalaivas,17,False,22,3,2,1,25,15,4,1,42,16,14,12,1,42,21,4,17,0,23,3,0,32,14,1,1,2
3111,10,Match 83,1/21/2024,League,13,"Gachibowli Indoor Stadium, Hyderabad",31,Gujarat Giants,7,Puneri Paltan,31,court,24,34,7.0,Puneri Paltan,10,False,15,9,0,0,18,13,2,1,41,10,12,19,0,40,14,7,19,0,21,7,2,24,12,1,0,1
3112,10,Match 84,1/22/2024,League,13,"Gachibowli Indoor Stadium, Hyderabad",3,Jaipur Pink Panthers,4,Bengal Warriors,4,court,42,25,3.0,Jaipur Pink Panthers,17,False,21,14,4,3,17,8,0,0,43,18,7,18,0,44,11,15,18,0,25,14,0,22,7,1,2,0
3113,10,Match 85,1/22/2024,League,13,"Gachibowli Indoor Stadium, Hyderabad",8,Telugu Titans,28,Haryana Steelers,8,court,30,37,28.0,Haryana Steelers,7,False,16,7,2,5,16,18,2,1,46,15,14,17,0,45,13,9,23,0,17,7,0,26,13,5,1,1
3114,10,Match 86,1/23/2024,League,13,"Gachibowli Indoor Stadium, Hyderabad",5,U Mumba,7,Puneri Paltan,5,court,32,32,,Tie,0,True,21,9,2,0,17,11,2,2,41,17,11,13,1,41,15,9,17,1,21,9,0,23,11,0,1,1
3115,10,Match 87,1/24/2024,League,13,"Gachibowli Indoor Stadium, Hyderabad",28,Haryana Steelers,2,Dabang Delhi K.C.,2,court,32,35,2.0,Dabang Delhi K.C.,3,False,18,11,2,1,18,12,2,3,41,15,12,14,0,41,14,11,16,0,25,11,0,25,11,1,1,1
3116,10,Match 88,1/24/2024,League,13,"Gachibowli Indoor Stadium, Hyderabad",8,Telugu Titans,29,Tamil Thalaivas,29,court,29,54,29.0,Tamil Thalaivas,25,False,19,10,0,0,23,24,6,1,48,10,22,16,2,48,20,10,18,0,29,10,0,33,21,3,0,3
3117,10,Match 89,1/26/2024,League,5,"Patliputra indoor stadium, Patna",6,Patna Pirates,4,Bengal Warriors,4,court,44,28,6.0,Patna Pirates,16,False,23,14,6,1,19,6,2,1,42,18,6,18,0,42,13,13,16,1,23,13,1,27,6,0,3,1
3118,10,Match 90,1/26/2024,League,5,"Patliputra indoor stadium, Patna",5,U Mumba,31,Gujarat Giants,5,court,35,44,31.0,Gujarat Giants,9,False,19,11,0,5,21,14,4,5,41,14,14,13,0,42,15,9,18,1,25,8,3,23,14,0,0,2
3119,10,Match 91,1/27/2024,League,5,"Patliputra indoor stadium, Patna",6,Patna Pirates,7,Puneri Paltan,6,court,32,32,,Tie,0,True,16,12,2,2,18,11,2,1,44,12,11,21,0,44,18,12,14,0,25,12,0,21,11,0,1,1
3120,10,Match 92,1/27/2024,League,5,"Patliputra indoor stadium, Patna",2,Dabang Delhi K.C.,30,U.P. Yoddhas,30,court,36,27,2.0,Dabang Delhi K.C.,9,False,18,12,4,2,18,9,0,0,44,16,9,19,0,44,13,13,18,1,23,12,0,24,9,0,2,0
3121,10,Match 93,1/28/2024,League,5,"Patliputra indoor stadium, Patna",3,Jaipur Pink Panthers,1,Bengaluru Bulls,3,court,28,28,,Tie,0,True,13,12,2,1,11,14,0,3,47,12,11,24,0,46,8,10,28,0,17,10,2,22,10,4,1,0
3122,10,Match 94,1/28/2024,League,5,"Patliputra indoor stadium, Patna",29,Tamil Thalaivas,5,U Mumba,29,court,50,34,29.0,Tamil Thalaivas,16,False,24,19,6,1,24,8,0,2,47,20,8,19,1,47,17,19,11,1,37,19,0,28,7,1,3,0
3123,10,Match 95,1/29/2024,League,5,"Patliputra indoor stadium, Patna",28,Haryana Steelers,4,Bengal Warriors,28,court,41,36,28.0,Haryana Steelers,5,False,28,8,4,1,29,5,0,2,41,24,5,12,0,42,23,9,10,1,24,8,0,25,4,1,2,0
3124,10,Match 96,1/29/2024,League,5,"Patliputra indoor stadium, Patna",6,Patna Pirates,31,Gujarat Giants,6,court,32,20,6.0,Patna Pirates,12,False,15,15,2,0,12,8,0,0,42,11,8,23,0,42,10,11,21,0,19,11,4,20,8,0,1,0
3125,10,Match 97,1/30/2024,League,5,"Patliputra indoor stadium, Patna",7,Puneri Paltan,8,Telugu Titans,8,court,60,29,7.0,Puneri Paltan,31,False,27,20,8,5,17,8,2,2,50,21,8,21,1,50,11,22,17,1,33,19,3,28,7,1,4,1
3126,10,Match 98,1/31/2024,League,5,"Patliputra indoor stadium, Patna",6,Patna Pirates,1,Bengaluru Bulls,1,court,29,29,,Tie,0,True,19,8,0,2,17,9,2,1,45,14,9,22,0,44,15,7,22,1,23,7,1,20,9,0,0,1
3127,10,Match 99,1/31/2024,League,5,"Patliputra indoor stadium, Patna",3,Jaipur Pink Panthers,29,Tamil Thalaivas,29,court,42,27,3.0,Jaipur Pink Panthers,15,False,24,14,4,0,18,9,0,0,44,16,7,21,1,44,14,11,19,1,27,11,3,28,7,2,2,0
3128,10,Match 100,2/2/2024,League,8,"Thyagaraj Indoor Stadium, Delhi",2,Dabang Delhi K.C.,4,Bengal Warriors,2,court,38,45,4.0,Bengal Warriors,7,False,24,8,6,0,27,9,6,3,46,21,10,15,0,46,21,8,17,0,27,8,0,29,9,0,3,3
3129,10,Match 101,2/2/2024,League,8,"Thyagaraj Indoor Stadium, Delhi",31,Gujarat Giants,28,Haryana Steelers,31,court,30,34,28.0,Haryana Steelers,4,False,9,18,2,1,15,14,4,1,43,8,14,21,0,42,12,16,14,0,26,16,2,19,14,0,1,2
3130,10,Match 102,2/3/2024,League,8,"Thyagaraj Indoor Stadium, Delhi",30,U.P. Yoddhas,5,U Mumba,30,court,39,23,30.0,U.P. Yoddhas,16,False,14,16,4,5,12,8,0,3,46,16,8,22,0,46,10,17,19,0,25,16,0,19,6,2,2,0
3131,10,Match 103,2/3/2024,League,8,"Thyagaraj Indoor Stadium, Delhi",2,Dabang Delhi K.C.,8,Telugu Titans,2,court,44,33,2.0,Dabang Delhi K.C.,11,False,24,13,4,3,20,13,0,0,48,20,12,16,1,48,16,14,18,0,24,13,1,32,12,1,2,0
3132,10,Match 104,2/4/2024,League,8,"Thyagaraj Indoor Stadium, Delhi",1,Bengaluru Bulls,5,U Mumba,1,court,42,37,1.0,Bengaluru Bulls,5,False,19,17,4,2,18,16,2,1,43,13,13,17,1,43,11,17,15,0,26,15,2,27,13,3,2,1
3133,10,Match 105,2/4/2024,League,8,"Thyagaraj Indoor Stadium, Delhi",31,Gujarat Giants,29,Tamil Thalaivas,29,court,42,30,31.0,Gujarat Giants,12,False,22,15,4,1,17,9,2,2,46,18,8,20,1,46,17,15,14,0,30,15,0,24,8,1,2,1
3134,10,Match 106,2/5/2024,League,8,"Thyagaraj Indoor Stadium, Delhi",3,Jaipur Pink Panthers,6,Patna Pirates,6,court,33,36,6.0,Patna Pirates,3,False,20,10,2,1,21,9,4,2,40,16,10,14,0,40,19,9,12,0,27,8,2,25,9,0,1,2
3135,10,Match 107,2/5/2024,League,8,"Thyagaraj Indoor Stadium, Delhi",2,Dabang Delhi K.C.,7,Puneri Paltan,7,court,30,30,,Tie,0,True,15,10,2,3,17,10,2,1,42,10,10,22,0,41,15,11,15,0,23,10,0,21,10,0,1,1
3136,10,Match 108,2/6/2024,League,8,"Thyagaraj Indoor Stadium, Delhi",29,Tamil Thalaivas,30,U.P. Yoddhas,30,court,32,25,29.0,Tamil Thalaivas,7,False,15,14,2,1,13,10,0,2,48,15,9,24,0,49,13,14,22,0,23,14,0,21,9,1,1,0
3137,10,Match 109,2/7/2024,League,8,"Thyagaraj Indoor Stadium, Delhi",1,Bengaluru Bulls,7,Puneri Paltan,7,court,31,40,7.0,Puneri Paltan,9,False,17,14,0,0,20,16,2,2,42,12,14,16,1,43,16,11,16,0,21,11,3,26,14,2,0,1
3138,10,Match 110,2/7/2024,League,8,"Thyagaraj Indoor Stadium, Delhi",2,Dabang Delhi K.C.,3,Jaipur Pink Panthers,2,court,22,27,3.0,Jaipur Pink Panthers,5,False,15,7,0,0,14,10,2,1,44,13,10,21,0,44,14,7,23,0,18,7,0,18,9,1,0,1
3139,10,Match 111,2/9/2024,League,9,"Netaji Indoor Stadium, Kolkata",4,Bengal Warriors,31,Gujarat Giants,31,court,32,41,31.0,Gujarat Giants,9,False,23,7,2,0,28,9,4,0,42,18,8,16,0,42,16,7,19,4,29,7,0,25,8,1,1,2
3140,10,Match 112,2/9/2024,League,9,"Netaji Indoor Stadium, Kolkata",28,Haryana Steelers,30,U.P. Yoddhas,28,court,50,34,28.0,Haryana Steelers,16,False,28,15,6,1,21,9,2,2,46,25,9,12,1,46,16,15,15,1,28,14,1,29,8,2,3,1
3141,10,Match 113,2/10/2024,League,9,"Netaji Indoor Stadium, Kolkata",6,Patna Pirates,5,U Mumba,5,court,44,23,6.0,Patna Pirates,21,False,19,16,6,3,16,6,0,1,45,18,6,21,0,44,10,17,17,0,28,16,0,24,6,0,3,0
3142,10,Match 114,2/10/2024,League,9,"Netaji Indoor Stadium, Kolkata",4,Bengal Warriors,8,Telugu Titans,8,court,55,35,4.0,Bengal Warriors,20,False,24,18,8,5,13,17,2,3,46,18,14,14,2,46,10,18,18,0,26,16,3,37,14,3,4,1
3143,10,Match 115,2/11/2024,League,9,"Netaji Indoor Stadium, Kolkata",29,Tamil Thalaivas,7,Puneri Paltan,29,court,29,56,7.0,Puneri Paltan,27,False,15,10,0,4,23,24,6,3,44,13,23,8,0,43,18,8,17,0,26,8,2,36,22,2,0,3
3144,10,Match 116,2/11/2024,League,9,"Netaji Indoor Stadium, Kolkata",1,Bengaluru Bulls,31,Gujarat Giants,31,court,28,50,31.0,Gujarat Giants,22,False,20,7,0,1,20,15,8,7,43,11,17,15,1,43,18,7,18,2,24,7,0,26,15,0,0,4
3145,10,Match 117,2/12/2024,League,9,"Netaji Indoor Stadium, Kolkata",30,U.P. Yoddhas,3,Jaipur Pink Panthers,30,court,30,67,3.0,Jaipur Pink Panthers,37,False,18,10,0,2,34,17,10,6,49,12,18,19,0,49,27,9,13,1,38,9,1,30,15,3,0,5
3146,10,Match 118,2/12/2024,League,9,"Netaji Indoor Stadium, Kolkata",4,Bengal Warriors,5,U Mumba,4,court,46,34,4.0,Bengal Warriors,12,False,26,12,4,4,24,8,2,0,41,20,8,13,0,42,16,13,13,0,31,11,1,28,8,0,2,1
3147,10,Match 119,2/13/2024,League,9,"Netaji Indoor Stadium, Kolkata",6,Patna Pirates,8,Telugu Titans,6,court,38,36,6.0,Patna Pirates,2,False,21,11,4,2,23,9,2,2,45,20,8,17,0,44,16,11,17,1,29,10,1,26,8,1,2,1
3148,10,Match 120,2/14/2024,League,9,"Netaji Indoor Stadium, Kolkata",2,Dabang Delhi K.C.,29,Tamil Thalaivas,29,court,45,43,2.0,Dabang Delhi K.C.,2,False,26,10,6,3,21,14,6,2,43,21,13,9,1,42,17,11,14,0,26,10,0,32,12,2,3,3
3149,10,Match 121,2/14/2024,League,9,"Netaji Indoor Stadium, Kolkata",4,Bengal Warriors,7,Puneri Paltan,4,court,26,29,7.0,Puneri Paltan,3,False,14,3,2,7,16,10,2,1,41,14,10,17,0,41,15,5,21,0,15,2,2,23,10,0,1,1
3150,10,Match 122,2/16/2024,League,1025,"Tau Devilal indoor stadium, Panchkula",28,Haryana Steelers,6,Patna Pirates,6,court,39,32,28.0,Haryana Steelers,7,False,15,21,2,1,10,20,2,0,45,11,16,18,1,45,6,20,19,2,29,20,1,28,16,4,1,1
3151,10,Match 123,2/16/2024,League,1025,"Tau Devilal indoor stadium, Panchkula",8,Telugu Titans,3,Jaipur Pink Panthers,3,court,44,51,3.0,Jaipur Pink Panthers,7,False,23,14,4,3,28,12,4,7,45,18,11,16,1,45,18,13,14,4,28,13,1,29,9,5,2,2
3152,10,Match 124,2/17/2024,League,1025,"Tau Devilal indoor stadium, Panchkula",28,Haryana Steelers,5,U Mumba,28,court,46,40,28.0,Haryana Steelers,6,False,27,14,4,1,25,8,4,3,43,19,9,15,2,43,20,14,9,1,35,14,0,25,8,0,2,2
3153,10,Match 125,2/17/2024,League,1025,"Tau Devilal indoor stadium, Panchkula",30,U.P. Yoddhas,31,Gujarat Giants,30,court,29,36,31.0,Gujarat Giants,7,False,16,11,0,2,15,15,4,2,43,10,16,17,0,43,11,10,22,1,23,9,2,25,15,0,0,2
3154,10,Match 126,2/18/2024,League,1025,"Tau Devilal indoor stadium, Panchkula",29,Tamil Thalaivas,4,Bengal Warriors,29,court,74,37,29.0,Tamil Thalaivas,37,False,43,18,12,1,26,6,2,3,45,33,4,8,3,44,15,17,12,0,31,17,1,40,4,2,6,1
3155,10,Match 127,2/18/2024,League,1025,"Tau Devilal indoor stadium, Panchkula",2,Dabang Delhi K.C.,1,Bengaluru Bulls,2,court,46,38,2.0,Dabang Delhi K.C.,8,False,23,18,2,3,23,9,4,2,47,15,11,21,3,47,17,15,15,1,32,13,5,25,9,0,1,2
3156,10,Match 128,2/19/2024,League,1025,"Tau Devilal indoor stadium, Panchkula",31,Gujarat Giants,3,Jaipur Pink Panthers,31,court,36,45,3.0,Jaipur Pink Panthers,9,False,23,10,2,1,24,14,6,1,41,13,15,13,2,41,19,9,13,0,29,9,1,29,14,0,1,3
3157,10,Match 129,2/19/2024,League,1025,"Tau Devilal indoor stadium, Panchkula",28,Haryana Steelers,7,Puneri Paltan,28,court,36,51,7.0,Puneri Paltan,15,False,20,15,0,1,21,23,6,1,44,11,20,13,2,43,15,10,18,0,29,10,5,32,20,3,0,3
3158,10,Match 130,2/20/2024,League,1025,"Tau Devilal indoor stadium, Panchkula",5,U Mumba,8,Telugu Titans,5,court,45,45,,Tie,0,True,22,16,4,3,23,11,6,5,43,15,11,17,0,43,19,14,10,0,32,14,2,28,11,0,2,3
3159,10,Match 131,2/21/2024,League,1025,"Tau Devilal indoor stadium, Panchkula",7,Puneri Paltan,30,U.P. Yoddhas,7,court,40,38,7.0,Puneri Paltan,2,False,23,13,4,0,25,8,4,1,41,18,7,16,1,41,15,12,14,2,33,12,1,23,7,1,2,2
3160,10,Match 132,2/21/2024,League,1025,"Tau Devilal indoor stadium, Panchkula",28,Haryana Steelers,1,Bengaluru Bulls,28,court,39,53,1.0,Bengaluru Bulls,14,False,23,11,2,3,31,16,6,0,44,18,16,10,0,44,24,11,9,1,36,11,0,28,16,0,1,3
3161,10,Eliminator 1,2/26/2024,Playoffs,1043,"GMC Balayogi Sports Complex, Gachibowli, Hyderabad",2,Dabang Delhi K.C.,6,Patna Pirates,2,court,35,37,6.0,Patna Pirates,2,False,20,9,2,4,24,5,4,4,41,13,7,21,2,42,19,10,13,0,29,7,3,23,5,0,1,2
3162,10,Eliminator 2,2/26/2024,Playoffs,1043,"GMC Balayogi Sports Complex, Gachibowli, Hyderabad",31,Gujarat Giants,28,Haryana Steelers,28,court,25,42,28.0,Haryana Steelers,17,False,16,5,2,2,19,14,6,3,43,11,15,17,1,43,14,7,22,1,19,5,0,25,14,0,1,3
3163,10,Semi Final 1,2/28/2024,Semi Final,13,"GMC Balayogi Sports Complex, Gachibowli, Hyderabad",7,Puneri Paltan,6,Patna Pirates,6,court,37,21,7.0,Puneri Paltan,16,False,19,13,4,1,16,4,0,1,42,16,4,22,0,42,13,14,15,1,24,13,0,18,4,0,2,0
3164,10,Semi Final 2,2/28/2024,Semi Final,13,"GMC Balayogi Sports Complex, Gachibowli, Hyderabad",3,Jaipur Pink Panthers,28,Haryana Steelers,3,court,27,31,28.0,Haryana Steelers,4,False,19,6,0,2,18,11,2,0,40,16,11,13,0,41,16,5,20,0,22,5,1,24,11,0,0,1
3165,10,Final,3/1/2024,Final,13,"GMC Balayogi Sports Complex, Gachibowli, Hyderabad",7,Puneri Paltan,28,Haryana Steelers,7,court,28,25,7.0,Puneri Paltan,3,False,17,9,2,0,17,5,0,3,43,12,6,25,1,43,15,9,19,0,20,9,0,21,5,0,1,0
